location,size,total_sqft,bath,price
Rajaji Nagar,3.0,2300.0,4.0,240.0
 Devarachikkanahalli,2.0,947.0,2.0,43.0
Ganga Nagar Extension,3.0,1000.0,2.0,65.0
Tala Cauvery Layout,3.0,1720.0,2.0,126.0
5th Phase JP Nagar,2.0,812.0,2.0,42.0
Mahadevpura,3.0,1620.0,2.0,76.0
Malleshwaram,8.0,840.0,7.0,195.0
Kanakpura Road,2.0,1339.0,2.0,58.0
Panathur,3.0,1370.0,2.0,54.8
Motappa Layout,3.0,1360.0,2.0,65.0
Dodda Banaswadi,2.0,1120.0,2.0,36.0
Uttarahalli,2.0,1050.0,2.0,42.0
Marathahalli,2.0,1250.0,2.0,68.0
6th Phase JP Nagar,2.0,1280.0,2.0,88.0
Garudachar Palya,3.0,1960.0,3.0,160.0
Dasanapura,2.0,814.0,2.0,42.0
Vajarahalli,1.0,551.0,1.0,30.0
Venkatadri Layout,1.0,595.0,1.0,42.0
Abbigere,3.0,1260.0,2.0,45.0
NRI Layout,3.0,1565.0,2.0,75.0
KSRTC Layout,2.0,1200.0,2.0,62.5
Vishveshwarya Layout,3.0,600.0,4.0,99.0
Bharathi Nagar,3.0,1664.0,3.0,69.89
Sarjapur  Road,4.0,3200.0,4.0,350.0
Kanakpura Road,3.0,1300.0,3.0,69.0
Hennur Road,3.0,2264.0,3.0,159.0
Kadugodi,3.0,1430.0,2.0,55.0
Electronic City,2.0,1060.0,2.0,51.0
Whitefield,1.0,840.0,1.0,57.0
Thigalarapalya,2.0,1418.0,2.0,105.0
Bommenahalli,3.0,832.0,3.0,77.0
Kundalahalli,2.0,1175.0,2.0,65.0
Virat Nagar,2.0,1205.0,2.0,42.18
Banashankari Stage II,4.0,1500.0,2.0,650.0
Mahalakshmi Layout,3.0,1876.0,3.0,150.0
Hebbal,2.0,1320.0,2.0,91.0
Chikkalasandra,2.0,1224.0,2.0,45.0
Millers Road,3.0,2850.0,4.0,460.0
Dasarahalli,2.0,1220.0,2.0,62.0
Green Glen Layout,2.0,1250.0,2.0,75.0
Hebbal,2.0,1072.0,2.0,45.0
Whitefield,3.0,1585.0,3.0,88.0
Pillahalli,3.0,1900.0,2.0,92.0
KR Puram,3.0,1455.0,3.0,46.0
Subramanyapura,2.0,929.0,2.0,56.0
Kanakpura Road,2.0,1628.0,2.0,68.0
Cunningham Road,3.0,2700.0,3.0,501.0
Soundarya Layout,2.0,900.0,2.0,27.0
Bannerghatta Road,2.0,1400.0,2.0,78.0
Nagarbhavi,3.0,1630.0,2.0,98.0
Budigere,2.0,1139.0,2.0,62.0
Hommadevanahalli,2.0,927.0,2.0,50.0
KR Puram,2.0,1100.0,2.0,43.0
Gollarapalya Hosahalli,2.0,861.0,2.0,34.5
Kengeri,1.0,340.0,1.0,10.0
Hoskote,2.0,1065.0,2.0,33.75
Neeladri Nagar,2.0,1060.0,2.0,35.0
Gubbalala,4.0,4000.0,5.0,195.0
Uttarahalli,3.0,1385.0,2.0,48.48
Bommanahalli,3.0,1300.0,3.0,45.0
Old Madras Road,3.0,2425.0,3.0,197.0
4th T block Jayanagar,4.0,2080.0,4.0,440.0
Peenya,4.0,1200.0,4.0,140.0
Ambalipura,2.0,1351.0,2.0,77.0
Sarjapur  Road,1.0,691.0,1.0,31.1
Thanisandra,2.0,1100.0,2.0,38.0
3rd Block Hrbr Layout,5.0,1200.0,5.0,190.0
Kanakpura Road,1.0,458.0,1.0,33.66
Electronic City Phase II,2.0,1031.0,2.0,55.0
Sarjapur  Road,3.0,1220.0,3.0,56.0
Sarakki Nagar,3.0,2289.0,3.0,260.0
Hosur Road,2.0,1345.0,2.0,106.0
7th Phase JP Nagar,2.0,1050.0,2.0,75.0
Begur Road,3.0,1565.0,2.0,56.0
Brookefield,4.0,3050.0,4.0,130.0
JP Nagar,2.0,1152.0,2.0,34.56
Chandapura,2.0,1200.0,2.0,65.0
Hennur,4.0,2557.0,,170.0
Green Glen Layout,3.0,1625.0,3.0,70.0
Anand nagar,3.0,2010.0,3.0,125.0
Byrasandra,2.0,1140.0,2.0,60.0
Madiwala,2.0,1165.0,2.0,45.0
Ejipura,2.0,1200.0,2.0,60.0
Marathahalli,2.0,1200.0,2.0,52.0
Marathahalli,2.0,1220.0,2.0,57.0
Milk Colony,4.0,1200.0,4.0,240.0
Anwar Layout,1.0,720.0,1.0,32.39
Reliaable Tranquil Layout,3.0,1508.0,3.0,77.0
Haralur Road,3.0,1560.0,3.0,90.0
Electronic City,2.0,1353.0,2.0,75.0
Kenchenahalli,2.0,1015.0,2.0,60.0
KR Garden,2.0,1300.0,2.0,60.0
Hennur Road,3.0,1949.0,3.0,133.0
Raja Rajeshwari Nagar,2.0,1095.0,2.0,38.33
Mysore Road,3.0,1360.0,3.0,47.6
Doddabommasandra,3.0,1550.0,2.0,70.0
Balagere,2.0,1205.0,2.0,70.0
1st Phase JP Nagar,8.0,1200.0,7.0,240.0
Parappana Agrahara,2.0,1194.0,2.0,46.0
Kanakapura,2.0,1283.0,2.0,68.0
Hoodi,2.0,1257.0,2.0,71.03
Pattandur Agrahara,3.0,1550.0,2.0,80.0
tc.palya,2.0,1000.0,2.0,55.0
Chandapura,2.0,900.0,2.0,35.0
Haralur Road,2.0,1092.0,2.0,44.0
Narayana Nagar 1st Block,2.0,1202.0,2.0,48.0
Electronic City,3.0,1644.0,3.0,92.59
Sarjapur  Road,2.0,1117.0,2.0,29.99
Ramamurthy Nagar,2.0,1050.0,2.0,37.0
Kengeri Satellite Town,2.0,800.0,2.0,40.0
Anekal,2.0,1200.0,1.0,36.0
Sarjapur  Road,3.0,1565.0,3.0,78.0
Subramanyapura,2.0,960.0,2.0,55.0
Sarjapur,3.0,1333.0,3.0,50.0
Sonnenahalli,3.0,1484.0,3.0,74.18
JP Nagar,4.0,3200.0,5.0,309.0
Dasanapura,2.0,965.0,2.0,42.5
Nagarbhavi,3.0,1350.0,3.0,60.0
Chikkalasandra,3.0,1290.0,2.0,56.12
Kothanur,2.0,1075.0,2.0,53.0
Electronic City,2.0,1025.0,2.0,54.1
Sarjapur  Road,2.0,1045.0,2.0,42.15
Gowdanapalya,1.0,510.0,1.0,34.0
Raja Rajeshwari Nagar,2.0,1306.0,2.0,44.17
Lakshminarayana Pura,2.0,1210.0,2.0,75.0
Kanakpura Road,3.0,1495.0,2.0,52.33
Badavala Nagar,3.0,1842.0,3.0,115.0
Koppa,3.0,720.0,3.0,48.0
Electronic City,3.0,1500.0,2.0,63.0
Kothanur,3.0,1828.0,3.0,110.0
Raja Rajeshwari Nagar,2.0,1260.0,2.0,67.39
Maruthi nagar kogilu,2.0,1200.0,3.0,78.0
Subramanyapura,3.0,1245.0,2.0,68.0
Rajaji Nagar,5.0,2500.0,4.0,650.0
Hennur Road,2.0,1480.0,2.0,65.0
Hebbal,3.0,1110.0,3.0,59.0
Old Madras Road,3.0,2266.0,3.0,169.0
Kambipura,2.0,883.0,2.0,39.0
Marathahalli,3.0,1595.0,3.0,88.0
Electronics City Phase 1,3.0,1330.0,2.0,44.0
Pai Layout,2.0,1050.0,2.0,40.0
Bellandur,3.0,2000.0,3.0,85.0
Kadugodi,2.0,1394.0,2.0,56.0
Electronic City,1.0,635.0,1.0,28.0
Vittasandra,2.0,1246.0,2.0,67.4
Abbigere,5.0,1200.0,4.0,98.0
Rajiv Gandhi Nagar,3.0,1750.0,3.0,100.0
Malleshwaram,4.0,2500.0,5.0,325.0
Ramamurthy Nagar,2.0,1000.0,2.0,62.0
Kogilu,3.0,1559.0,3.0,120.0
Kanakpura Road,3.0,1452.0,3.0,60.98
Sarjapur  Road,3.0,1380.0,2.0,55.0
Kanakpura Road,3.0,1550.0,3.0,65.11
Dodda Nekkundi,2.0,1315.0,2.0,50.0
Ramamurthy Nagar,2.0,1050.0,2.0,37.8
Subramanyapura,3.0,2495.0,3.0,130.0
Attibele,1.0,418.0,1.0,12.0
Sarjapura - Attibele Road,3.0,2400.0,3.0,85.0
HMT Layout,3.0,1650.0,3.0,75.0
Keshava Nagar,2.0,1279.0,2.0,100.0
Uttarahalli,3.0,1360.0,2.0,47.59
Dasanapura,2.0,966.0,2.0,58.0
Basapura,2.0,1100.0,2.0,60.0
Kalkere Channasandra,2.0,1200.0,2.0,53.0
Kengeri,1.0,600.0,1.0,35.0
Jigani,3.0,1231.0,3.0,58.0
Sarjapur  Road,3.0,1770.0,3.0,180.0
Varthur,2.0,1111.0,2.0,41.88
Hebbal,3.0,2400.0,4.0,245.0
Munnekollal,2.0,950.0,2.0,46.5
6th Phase JP Nagar,2.0,1140.0,2.0,65.0
Hebbal,3.0,2600.0,3.0,195.0
Old Madras Road,3.0,2266.0,3.0,207.0
Jakkur,3.0,1710.0,3.0,107.0
2nd Phase JP Nagar,3.0,1200.0,3.0,190.0
HSR Layout,4.0,2400.0,4.0,350.0
Yelahanka,3.0,1705.0,3.0,95.0
Bhoganhalli,3.0,1718.0,3.0,90.2
Hegde Nagar,3.0,1884.0,4.0,118.0
Electronic City Phase II,2.0,1000.0,2.0,28.88
Hennur,2.0,1100.0,2.0,44.55
Marathahalli,2.0,1350.0,2.0,86.0
Raja Rajeshwari Nagar,3.0,1850.0,3.0,98.0
"Basnashankari,6th stage,",3.0,600.0,3.0,54.0
BTM 1st Stage,3.0,1717.0,3.0,200.0
Kumaraswami Layout,4.0,2600.0,4.0,325.0
Rajaji Nagar,3.0,1640.0,3.0,230.0
Telecom Layout,2.0,1200.0,2.0,54.0
1st Phase JP Nagar,4.0,2825.0,4.0,250.0
Hebbal,3.0,1586.0,3.0,90.0
Sarjapur  Road,3.0,1450.0,2.0,75.0
Yelahanka,2.0,1023.0,2.0,52.59
Laggere,8.0,1800.0,8.0,110.0
Mallathahalli,2.0,1200.0,2.0,79.0
Raja Rajeshwari Nagar,3.0,1608.0,3.0,67.98
Kundalahalli,3.0,1800.0,3.0,110.0
Hennur Road,2.0,1385.0,2.0,83.09
Bannerghatta,2.0,1113.0,2.0,70.0
BTM 1st Stage,4.0,1100.0,5.0,121.0
Thanisandra main road,3.0,3144.0,3.0,455.0
Hennur Road,3.0,1100.0,2.0,78.0
Bannerghatta,4.0,810.0,4.0,50.0
Kaggadasapura,2.0,1110.0,2.0,53.0
Hosa Road,2.0,1040.0,2.0,61.0
Balagere,2.0,1007.0,2.0,66.0
Gunjur,2.0,1235.0,2.0,52.76
Thubarahalli,3.0,1885.0,3.0,85.52
Kasavanhalli,2.0,1200.0,2.0,60.0
Ulsoor,4.0,36000.0,4.0,450.0
Raja Rajeshwari Nagar,2.0,1255.0,2.0,53.87
Subramanyapura,3.0,1400.0,2.0,55.0
Kanakpura Road,3.0,1843.0,3.0,92.15
Thanisandra,3.0,1588.0,3.0,75.55
Sahakara Nagar,2.0,1150.0,2.0,54.0
Kanakpura Road,2.0,1309.0,2.0,64.39
Yelahanka,2.0,1322.0,2.0,77.9
Kanakpura Road,1.0,458.0,1.0,19.695
Koramangala,3.0,1594.0,3.0,125.0
Bommanahalli,3.0,1850.0,3.0,90.0
Kanakpura Road,2.0,1331.0,2.0,107.0
Kammasandra,2.0,990.0,2.0,31.5
Dommasandra,2.0,674.0,1.0,19.9
Varthur,3.0,2145.0,3.0,165.0
Gottigere,2.0,1200.0,2.0,40.0
Varthur Road,2.0,1033.0,2.0,32.0
Uttarahalli,2.0,1120.0,2.0,50.0
CV Raman Nagar,3.0,1659.0,3.0,135.0
 Mysore Highway,3.0,1450.0,2.0,70.0
Bellandur,2.0,1250.0,2.0,76.0
Thanisandra,3.0,1595.0,3.0,120.0
"Thanisandra Main Road, ",4.0,2872.0,4.0,183.0
Outer Ring Road East,3.0,1738.0,3.0,110.0
Kanakpura Road,2.0,900.0,2.0,41.0
7th Phase JP Nagar,3.0,1575.0,2.0,120.0
Raja Rajeshwari Nagar,2.0,1140.0,2.0,44.0
Varthur,3.0,2160.0,3.0,170.0
Ramamurthy Nagar,4.0,3700.0,4.0,225.0
Sanne Amanikere,1.0,655.0,1.0,27.0
Bagalakunte,5.0,750.0,3.0,95.0
Srirampuram,2.0,432.0,2.0,40.0
Yelahanka,3.0,1825.0,3.0,105.0
Cox Town,2.0,1000.0,2.0,58.0
Whitefield,3.0,1697.0,3.0,115.0
Raja Rajeshwari Nagar,1.0,500.0,1.0,25.0
7th Phase JP Nagar,2.0,1050.0,2.0,50.0
Uttarahalli,2.0,1160.0,2.0,40.6
Channasandra,2.0,1065.0,2.0,40.47
Bhoganhalli,3.0,1395.0,2.0,70.0
JP Nagar,3.0,1520.0,3.0,125.0
Kadugodi,2.0,1100.0,2.0,45.0
2nd Stage Nagarbhavi,4.0,1500.0,4.0,220.0
Electronic City Phase II,3.0,1549.0,3.0,80.0
Attibele,2.0,656.0,2.0,25.0
Kanakapura main  Road,3.0,1495.0,2.0,52.33
"Varthur Road, ",2.0,1330.0,2.0,64.0
Iblur Village,3.0,1920.0,3.0,150.0
Hebbal,4.0,4225.0,6.0,359.0
Versova Layout,4.0,3700.0,4.0,400.0
Whitefield,3.0,1660.0,3.0,110.0
Singena Agrahara,3.0,1500.0,3.0,90.0
Yeshwanthpur,2.0,1170.0,2.0,57.0
Hulimavu,2.0,1175.0,2.0,45.0
Ashwath Nagar,2.0,1262.0,2.0,63.0
Ramagondanahalli,3.0,1610.0,2.0,112.0
Kothannur,3.0,1275.0,3.0,44.0
kanakapura main road,2.0,1041.0,2.0,36.44
Banashankari,4.0,2500.0,4.0,95.0
Harlur,2.0,1033.0,2.0,49.0
Anekal,2.0,1200.0,2.0,36.1
Hebbal,4.0,2790.0,5.0,198.0
Hegde Nagar,3.0,1801.0,3.0,115.0
Electronic City,2.0,1128.0,2.0,65.58
Kanakpura Road,2.0,950.0,2.0,40.0
Hulimavu,1.0,581.0,1.0,29.0
Sarjapur  Road,4.0,4050.0,2.0,450.0
Panathur,2.0,1198.0,2.0,77.0
Hennur Road,3.0,2089.0,3.0,140.0
Hormavu,2.0,1400.0,2.0,75.0
Frazer Town,2.0,1200.0,2.0,78.0
Yelahanka,3.0,1275.0,2.0,95.0
Thanisandra,2.0,1265.0,2.0,46.6
Electronics City Phase 1,3.0,1900.0,3.0,85.0
Raja Rajeshwari Nagar,1.0,510.0,1.0,22.0
Garudachar Palya,2.0,1060.0,2.0,48.5
Raja Rajeshwari Nagar 5th Stage,2.0,1056.0,2.0,55.0
Mahadevpura,3.0,1720.0,3.0,78.0
Hebbal,4.0,3900.0,4.0,410.0
Kudlu Gate,2.0,1238.0,2.0,55.0
Hegde Nagar,2.0,1179.0,2.0,49.35
Narayanapura,2.0,1308.0,2.0,89.04
Whitefield,3.0,1806.0,3.0,85.0
Reliaable Tranquil Layout,2.0,1256.0,2.0,65.0
Whitefield,4.0,6000.0,4.0,410.0
Indira Nagar,2.0,1210.0,2.0,102.0
Dollars Layout,3.0,1460.0,3.0,88.0
Kengeri,4.0,2540.0,4.0,160.0
Vinayaka Nagar,2.0,1200.0,2.0,52.0
JP Nagar,3.0,1315.0,2.0,85.4
Raja Rajeshwari Nagar,2.0,1419.0,2.0,48.0
Kadugondanahalli,2.0,800.0,1.0,45.0
Hulimavu,2.0,1011.0,2.0,38.0
Horamavu Agara,2.0,760.0,2.0,37.49
OMBR Layout,3.0,600.0,3.0,100.0
RMV 2nd Stage,4.0,1150.0,4.0,260.0
Kudlu,2.0,1027.0,2.0,43.0
Electronic City,2.0,970.0,2.0,35.0
Lakshminarayana Pura,2.0,1200.0,2.0,80.0
Kanakpura Road,3.0,1150.0,2.0,40.25
Thigalarapalya,2.0,1418.0,2.0,105.0
Yeshwanthpur,1.0,668.0,1.0,36.85
Malleshwaram,2.0,1400.0,2.0,190.0
Kammagondahalli,6.0,2700.0,7.0,110.0
Nagarbhavi,3.0,1050.0,3.0,175.0
Indira Nagar,3.0,2200.0,3.0,160.0
Cooke Town,2.0,1710.0,2.0,200.0
Yelahanka New Town,1.0,450.0,1.0,15.0
Sarjapur  Road,3.0,1200.0,3.0,95.0
Bagalakunte,1.0,700.0,1.0,162.0
Jayanagar,2.0,900.0,2.0,110.0
Arasanakunte,5.0,1200.0,6.0,137.0
Brookefield,2.0,1089.0,2.0,49.0
Whitefield,3.0,1870.0,3.0,90.0
Nagarbhavi,3.0,600.0,2.0,80.0
Konanakunte Cross,2.0,1050.0,2.0,35.0
Vidyaranyapura,2.0,1175.0,2.0,35.0
Hennur Road,2.0,1015.0,2.0,50.0
Bande Nallasandra,3.0,2400.0,4.0,130.0
Jalahalli East,3.0,1475.0,3.0,96.0
Singasandra,2.0,1100.0,2.0,52.0
Whitefield,2.0,1173.0,2.0,78.2
7th Phase JP Nagar,2.0,1100.0,2.0,46.0
8th block Koramangala,2.0,1410.0,1.0,233.0
Bannerghatta Road,1.0,595.0,1.0,31.83
Attibele,1.0,460.0,1.0,13.0
Magadi Road,2.0,1345.0,2.0,55.0
Hennur Road,3.0,1552.0,3.0,75.0
Hebbal,2.0,1349.0,2.0,98.0
Dodda Nekkundi,2.0,1100.0,2.0,41.15
Tigalarpalya,2.0,1150.0,2.0,60.0
Panathur,2.0,1198.0,2.0,86.26
Rajarajeshwari Nagara,4.0,1200.0,5.0,325.0
Hebbal,4.0,2630.0,5.0,188.0
Devanahalli,2.0,1080.0,2.0,44.0
RMV Extension,3.0,1630.0,3.0,85.0
Hebbal Kempapura,3.0,1800.0,3.0,175.0
HBR Layout,3.0,1832.0,3.0,160.0
Sarjapur  Road,2.0,1346.0,2.0,71.32
Bannerghatta Road,2.0,793.0,2.0,45.0
Hebbal,3.0,1255.0,3.0,77.68
B Narayanapura,3.0,1092.0,2.0,98.5
Chandapura,3.0,1208.0,3.0,45.0
Dodsworth Layout,2.0,1400.0,2.0,85.0
Thigalarapalya,4.0,3122.0,6.0,235.0
Shanti Nagar,3.0,1602.0,2.0,170.0
Sarjapur,3.0,1575.0,3.0,55.0
Hebbal,2.0,1100.0,2.0,54.0
Sarjapur  Road,2.0,1026.0,2.0,60.8
KR Puram,2.0,1085.0,2.0,46.5
Ashirvad Colony,2.0,1000.0,2.0,53.0
Kereguddadahalli,2.0,1105.0,2.0,27.6
Garebhavipalya,2.0,1200.0,2.0,75.0
Thigalarapalya,3.0,2215.0,4.0,150.0
Indira Nagar,4.0,2400.0,4.0,405.0
Kodichikkanahalli,5.0,2500.0,7.0,125.0
Anjanapura,2.0,1076.0,2.0,30.13
Thanisandra,1.0,760.0,1.0,50.3
Gunjur,2.0,1063.0,2.0,40.0
Hebbal,3.0,1255.0,2.0,77.68
Frazer Town,3.0,1700.0,3.0,180.0
Kogilu,3.0,1664.0,2.0,73.95
Kadubeesanahalli,3.0,1365.0,3.0,80.0
Yelahanka,2.0,600.0,2.0,27.0
Virat Nagar,2.0,2080.0,2.0,150.0
New Thippasandra,3.0,1500.0,3.0,95.0
Roopena Agrahara,2.0,1050.0,2.0,67.0
Balagere,2.0,1012.0,2.0,68.0
Kasavanhalli,3.0,1819.0,3.0,150.0
kg halli jalhalli west,3.0,980.0,3.0,80.0
Hiremath Layout,3.0,1715.0,3.0,95.0
Battarahalli,3.0,1779.0,3.0,90.0
KR Puram,2.0,1000.0,2.0,60.0
Ramagondanahalli,3.0,1610.0,2.0,115.0
Kadubeesanahalli,2.0,1185.0,2.0,55.0
Bommanahalli,2.0,1020.0,2.0,55.0
Judicial Layout,3.0,2070.0,3.0,162.0
Begur Road,2.0,1200.0,2.0,45.0
Panathur,2.0,1000.0,2.0,68.0
"Banasawadi, ",3.0,2312.0,3.0,156.0
Jakkur,3.0,1396.0,2.0,86.51
1st Phase JP Nagar,3.0,2059.0,3.0,225.0
Binny Pete,3.0,2406.0,5.0,289.0
Whitefield,4.0,1344.0,3.0,130.0
Banashankari,5.0,500.0,5.0,92.0
Ullal Road,5.0,1200.0,5.0,235.0
Kenchenahalli,3.0,1280.0,2.0,69.0
1st Phase JP Nagar,2.0,1077.0,2.0,93.0
Dodda Nekkundi,2.0,1370.0,2.0,60.0
Electronic City,3.0,1360.0,2.0,58.0
R.T. Nagar,3.0,1500.0,2.0,70.0
Old Madras Road,4.0,3715.0,6.0,200.5
Gaurava Nagar,5.0,1650.0,6.0,200.0
Old Madras Road,2.0,1165.0,2.0,51.42
Varthur,2.0,1112.0,2.0,40.0
Kaikondrahalli,2.0,849.0,2.0,25.4
Electronic City Phase II,2.0,1252.0,2.0,67.0
Akshaya Nagar,2.0,900.0,2.0,45.0
Kamakshipalya,9.0,1800.0,9.0,180.0
Sarjapur  Road,2.0,1216.0,2.0,70.0
Lingadheeranahalli,3.0,1684.0,3.0,120.0
Mahalakshmi Puram,2.0,830.0,2.0,60.0
Electronic City,1.0,710.0,1.0,40.42
Hosa Road,3.0,1893.0,3.0,130.0
Devanahalli Int. Airport,2.0,1380.0,2.0,80.0
Karuna Nagar,3.0,1163.0,3.0,180.0
Anjanapura,1.0,600.0,2.0,55.0
Yelahanka,2.0,1274.0,2.0,48.42
Raja Rajeshwari Nagar,3.0,1570.0,3.0,88.0
Sarjapur  Road,5.0,3905.0,7.0,290.0
Thanisandra,3.0,1430.0,2.0,56.0
Thubarahalli,2.0,1216.0,2.0,80.0
"white field,kadugodi",6.0,2100.0,6.0,275.0
Marathahalli,3.0,1435.0,3.0,73.0
Whitefield,3.0,1720.0,3.0,100.0
Amruthahalli,2.0,4400.0,3.0,475.0
Malleshwaram,3.0,2250.0,3.0,200.0
Kengeri Satellite Town,1.0,930.0,1.0,30.0
9th Phase JP Nagar,2.0,1005.0,2.0,43.0
Kodihalli,2.0,1000.0,2.0,62.0
Sarakki Nagar,3.0,1840.0,4.0,175.0
,3.0,1600.0,3.0,86.0
Mallathahalli,2.0,1100.0,2.0,46.0
Basava Nagar,1.0,550.0,1.0,16.0
Poorna Pragna Layout,3.0,1270.0,2.0,50.79
Whitefield,3.0,1495.0,,61.28
Hoodi,8.0,1120.0,8.0,145.0
Yelahanka,1.0,654.0,1.0,36.25
Uttarahalli,2.0,1180.0,2.0,41.3
Bannerghatta Road,2.0,1200.0,2.0,65.0
Thigalarapalya,4.0,4303.0,5.0,300.0
Electronic City,3.0,1615.0,3.0,97.0
Amruthahalli,2.0,1190.0,2.0,50.0
9th Phase JP Nagar,8.0,800.0,8.0,140.0
Kirloskar Layout,3.0,1400.0,3.0,35.0
Bellandur,3.0,1138.0,3.0,128.0
Hennur,2.0,1255.0,2.0,57.5
Billekahalli,4.0,1672.0,3.0,190.0
Annaiah Reddy Layout,2.0,1075.0,2.0,48.0
Banaswadi,2.0,1250.0,2.0,60.0
NGR Layout,2.0,1022.0,2.0,45.9
Malleshwaram,1.0,480.0,1.0,60.0
Pulkeshi Nagar,2.0,1452.55,2.0,110.0
Sarjapur  Road,3.0,1787.0,3.0,98.29
BTM 1st Stage,9.0,3300.0,14.0,500.0
Thanisandra,3.0,1732.0,3.0,85.73
Sarvabhouma Nagar,5.0,1500.0,5.0,210.0
Whitefield,2.0,935.0,2.0,32.72
Manonarayanapalya,3.0,800.0,2.0,52.0
Raja Rajeshwari Nagar,1.0,600.0,1.0,22.0
Kanakpura Road,2.0,1110.0,2.0,43.0
Hosahalli Extension,2.0,360.0,2.0,40.0
Nagavarapalya,2.0,1392.0,2.0,130.0
Volagerekallahalli,2.0,1070.0,2.0,33.43
Ramagondanahalli,3.0,1475.0,2.0,63.0
8th Phase JP Nagar,3.0,950.0,3.0,130.0
HSR Layout,2.0,1140.0,2.0,46.0
8th Phase JP Nagar,9.0,1200.0,8.0,225.0
Banashankari Stage VI,3.0,600.0,3.0,90.0
7th Phase JP Nagar,4.0,1500.0,5.0,220.0
Shampura,2.0,1187.0,2.0,42.0
Yelahanka New Town,1.0,650.0,1.0,20.0
MS Pallya,3.0,1100.0,3.0,78.0
Raja Rajeshwari Nagar,2.0,1295.0,2.0,70.0
2nd Stage Nagarbhavi,3.0,600.0,5.0,135.0
Banjara Layout,5.0,1200.0,5.0,96.0
Sarjapur  Road,3.0,1592.0,3.0,91.0
JP Nagar,3.0,1500.0,2.0,108.0
Koramangala,4.0,1410.0,2.0,280.0
Haralur Road,2.0,1243.0,2.0,46.0
Kambipura,2.0,883.0,2.0,45.0
Gottigere,3.0,1304.0,3.0,80.0
Dinnur,6.0,1034.0,5.0,185.0
2nd Phase JP Nagar,3.0,2610.0,3.0,499.0
Kadugodi,3.0,1762.0,3.0,109.0
5th Phase JP Nagar,3.0,1350.0,2.0,75.0
Yelachenahalli,2.0,1200.0,2.0,160.0
Yeshwanthpur,2.0,1161.0,2.0,64.08
Kanaka Nagar,3.0,2274.24,4.0,160.0
Ambalipura,4.0,2750.0,4.0,142.0
Banashankari Stage V,3.0,1200.0,4.0,240.0
Kenchenahalli,2.0,870.0,1.0,45.0
Uttarahalli,3.0,1345.0,2.0,57.0
Bhuvaneshwari Nagar,2.0,1280.0,2.0,68.48
Banashankari,2.0,1077.0,2.0,37.64
Rustam Bagh Layout,3.0,1490.0,2.0,88.0
1st Block Koramangala,4.0,3000.0,5.0,500.0
Haralur Road,2.0,1300.0,2.0,73.0
Bannerghatta Road,2.0,1215.0,2.0,68.0
Electronic City,2.0,1100.0,2.0,41.0
Yelahanka,2.0,1170.0,2.0,62.5
Sanjay nagar,2.0,1000.0,2.0,70.0
Sarjapur  Road,3.0,1385.0,3.0,55.0
Yelachenahalli,3.0,1330.0,3.0,73.5
Electronic City Phase II,2.0,1020.0,2.0,32.0
Kalena Agrahara,2.0,1200.0,2.0,50.0
Yelahanka,4.0,2600.0,4.0,175.0
Kothanur,2.0,1455.0,2.0,69.0
Attibele,1.0,400.0,1.0,10.25
Raja Rajeshwari Nagar,3.0,1630.0,3.0,60.65
Hennur Road,4.0,2000.0,4.0,90.0
Sarjapur,4.0,4201.0,4.0,435.0
Bannerghatta Road,3.0,1365.0,3.0,76.18
Hegde Nagar,3.0,1703.0,3.0,113.0
Kanakpura Road,3.0,1450.0,3.0,56.0
Raja Rajeshwari Nagar,2.0,1165.0,2.0,45.0
Marasandra,4.0,5000.0,5.0,300.0
Sarjapur  Road,3.0,3009.0,3.0,331.0
Whitefield,2.0,1200.0,2.0,45.0
Yeshwanthpur,3.0,1430.0,3.0,72.0
Hosur Road,3.0,1427.0,2.0,130.0
CQAL LAYOUT C BLOCK,3.0,1200.0,3.0,160.0
Pampa Extension,2.0,1178.0,2.0,80.0
Rajaji Nagar,3.0,1621.0,3.0,124.0
Hennur Road,3.0,1703.0,3.0,101.0
Amruthnagar,2.0,1210.0,2.0,72.0
Thippasandra,1.0,660.0,1.0,30.0
Panathur,2.0,1195.0,2.0,84.0
Rayasandra,3.0,1458.0,3.0,60.0
Sonnenahalli,1.0,614.5,1.0,30.715
Virat Nagar,2.0,1110.0,2.0,52.0
Sahakara Nagar,4.0,1200.0,4.0,130.0
Karuna Nagar,3.0,2500.0,3.0,180.0
Ulsoor,3.0,450.0,3.0,70.0
Whitefield,2.0,1186.0,2.0,55.0
Kasavanhalli,4.0,1863.0,3.0,105.0
Haralur Road,2.0,1315.0,2.0,85.0
6th Phase JP Nagar,2.0,1180.0,2.0,80.0
Ramamurthy Nagar,2.0,1200.0,2.0,57.9
5th Block Jayanagar,1.0,1500.0,1.0,300.0
Kengeri,2.0,1155.0,2.0,40.6
Hanumanth Nagar,2.0,1225.0,2.0,55.11
Munnekollal,3.0,1222.0,3.0,95.0
Hennur Road,2.0,1085.0,2.0,43.4
Bannerghatta Road,2.0,1200.0,2.0,78.0
Nehru Nagar,3.0,1674.0,3.0,81.0
Kanakpura Road,3.0,1200.0,2.0,42.0
Chamrajpet,6.0,1500.0,9.0,230.0
Ramamurthy Nagar,3.0,1400.0,3.0,200.0
Chandapura,3.0,1185.0,2.0,30.22
Jakkur,3.0,1760.0,3.0,110.0
Tumkur Road,3.0,1343.5,3.0,57.76
Haralur Road,1.0,575.0,1.0,38.0
Sarjapur,4.0,3854.5,6.0,385.5
Electronic City,2.0,1128.0,2.0,65.7
Uttarahalli,2.0,1125.0,2.0,47.0
Iblur Village,2.0,1400.0,2.0,68.0
near Ramanashree California resort,6.0,3600.0,4.0,160.0
Pattanagere,2.0,850.0,2.0,35.0
Whitefield,4.0,2850.0,5.0,240.0
Hebbal,4.0,4235.0,4.0,365.0
Varthur,3.0,1615.0,3.0,69.43
Kasturi Nagar,5.0,1650.0,5.0,450.0
Banagiri Nagar,3.0,2008.0,3.0,170.0
Begur Road,3.0,1500.0,2.0,70.0
Kathriguppe,3.0,1250.0,2.0,68.75
Govindapura,2.0,1310.0,2.0,88.0
Anjanapura,3.0,1843.0,3.0,87.54
Near International Airport,2.0,1330.0,2.0,56.0
KR Puram,2.0,1550.0,2.0,71.0
Yelenahalli,2.0,1260.0,2.0,47.88
Green Glen Layout,3.0,1575.0,3.0,125.0
Sarjapura - Attibele Road,2.0,1308.0,2.0,37.0
Raja Rajeshwari Nagar,2.0,1306.0,2.0,55.91
Avalahalli,3.0,2045.0,3.0,108.0
NGR Layout,2.0,1021.0,2.0,46.0
Sarjapur  Road,3.0,2275.0,4.0,180.0
Talaghattapura,2.0,921.0,2.0,29.47
Thanisandra,3.0,1732.0,3.0,85.73
Nagavara,3.0,2430.0,4.0,180.0
Haralur Road,1.0,575.0,1.0,88.0
Choodasandra,2.0,1115.0,2.0,50.0
Tindlu,7.0,7500.0,7.0,400.0
Marathahalli,2.0,1125.0,2.0,55.0
Talaghattapura,3.0,2254.0,3.0,170.0
Harlur,3.0,1709.0,3.0,150.0
Marathahalli,3.0,1600.0,3.0,58.0
Sahakara Nagar,3.0,2400.0,3.0,270.0
Electronic City Phase II,3.0,1310.0,2.0,37.83
Jalahalli,3.0,1615.0,3.0,89.75
Anjanapura,3.0,1347.0,2.0,37.72
Doctors Layout,3.0,1450.0,3.0,75.0
Meenakunte,3.0,3900.0,3.0,250.0
Kodichikkanahalli,2.0,1025.0,2.0,66.0
Yelahanka,3.0,1282.0,2.0,48.7
Sarjapur  Road,3.0,1525.0,2.0,65.0
Seetharampalya,3.0,1500.0,3.0,90.0
Gollarapalya Hosahalli,3.0,1605.0,3.0,50.0
Horamavu Agara,2.0,1107.83,2.0,41.51
Rajaji Nagar,3.0,2533.0,3.0,425.0
Electronic City,2.0,975.0,2.0,32.0
Indira Nagar,4.0,2800.0,4.0,365.0
Yelahanka New Town,2.0,1100.0,2.0,58.0
Sree Narayana Nagar,3.0,1358.0,3.0,50.0
KR Puram,3.0,1559.0,3.0,69.315
Billekahalli,3.0,2400.0,3.0,150.0
Kodigehaali,2.0,1117.0,2.0,56.0
Hennur,2.0,1255.0,2.0,53.5
Ittamadu,5.0,1200.0,4.0,130.0
Vijinapura,2.0,1290.0,2.0,71.95
Uttarahalli,3.0,1345.0,2.0,57.0
Bagalakunte,2.0,1200.0,4.0,138.0
Akshaya Nagar,3.0,1476.0,3.0,120.0
 Rachenahalli,1.0,440.0,1.0,28.0
Thigalarapalya,3.0,2072.0,4.0,160.0
Bhuvaneshwari Nagar,2.0,1100.0,2.0,57.0
Chikkalasandra,5.0,1000.0,4.0,300.0
Anekal,2.0,1200.0,1.0,36.0
Peenya,2.0,708.0,1.0,55.0
Vasanth nagar,6.0,2295.0,3.0,650.0
Kudlu,4.0,2100.0,3.0,114.0
Chikkabanavar,2.0,1067.0,2.0,38.0
Maruthi Sevanagar,4.0,2000.0,3.0,180.0
Bellandur,2.0,1201.0,2.0,59.99
Bellandur,2.0,1251.0,2.0,47.0
Kambipura,3.0,1082.0,2.0,55.0
Marathahalli,2.0,1270.0,2.0,73.0
Mylasandra,1.0,500.0,2.0,80.0
Kammanahalli,4.0,2900.0,4.0,200.0
Chikkalasandra,3.0,1428.0,2.0,80.0
Chamrajpet,3.0,1565.0,3.0,98.91
7th Phase JP Nagar,3.0,1400.0,3.0,115.0
Hennur Road,2.0,1040.0,2.0,50.0
Anandapura,2.0,1200.0,2.0,67.0
Tindlu,2.0,1050.0,2.0,55.0
Whitefield,5.0,3453.0,4.0,231.0
Kothanur,2.0,1142.0,2.0,56.0
Kengeri Satellite Town,4.0,650.0,2.0,58.0
Sarjapur  Road,3.0,1700.0,3.0,110.0
Ramamurthy Nagar,5.0,3500.0,5.0,150.0
Hegde Nagar,3.0,1569.0,3.0,101.0
Hennur Road,3.0,2002.0,3.0,120.0
Ramakrishnappa Layout,3.0,2770.0,3.0,460.0
BTM Layout,6.0,3300.0,6.0,165.0
Whitefield,2.0,1400.0,2.0,80.0
Electronics City Phase 1,2.0,1175.0,2.0,50.0
Hennur Road,2.0,1030.0,2.0,46.5
Marsur,3.0,1000.0,4.0,66.0
Electronic City,2.0,1250.0,2.0,62.0
Yelahanka,2.0,870.0,2.0,27.0
Thanisandra,3.0,1690.0,3.0,125.0
Hebbal Kempapura,3.0,1466.0,2.0,140.0
Domlur,3.0,1540.0,3.0,90.0
Yelahanka,3.0,1835.0,3.0,108.0
Ambalipura,3.0,1817.0,3.0,102.0
8th Phase JP Nagar,1.0,500.0,1.0,33.0
Kengeri Satellite Town,2.0,635.0,1.0,22.0
Kundalahalli Colony,2.0,1280.0,2.0,69.0
Govindaraja Nagar Ward,2.0,840.0,2.0,45.0
Whitefield,2.0,1205.0,2.0,58.0
Kodigehaali,2.0,1166.0,2.0,55.0
Hongasandra,2.0,1180.0,2.0,39.0
Whitefield,2.0,1200.0,2.0,45.84
Kodbisanhalli,2.0,1012.0,2.0,59.0
Kanakpura Road,2.0,1332.0,2.0,108.0
Garudachar Palya,3.0,1320.0,2.0,60.6
Varthur,2.0,674.0,1.0,19.9
Dodda Nekkundi,2.0,1260.0,2.0,55.0
Mallasandra,3.0,1665.0,3.0,95.0
Kanakpura Road,3.0,1050.0,2.0,59.0
Akshya Nagar,2.0,1380.0,2.0,75.0
Kammanahalli,4.0,1600.0,4.0,200.0
Vyalikaval,2.0,1100.0,2.0,75.0
Jalahalli,3.0,980.0,2.0,60.0
NRI Layout,5.0,2500.0,5.0,130.0
HSR Layout,4.0,2500.0,4.0,300.0
Marathahalli,5.0,2500.0,3.0,200.0
Ilyas Nagar,4.0,600.0,3.0,95.0
Varsova Layout,6.0,7000.0,6.0,560.0
Raja Rajeshwari Nagar,2.0,1400.0,2.0,45.0
Raja Rajeshwari Nagar,2.0,1143.0,2.0,38.65
Vijayanagar,2.0,1200.0,2.0,62.0
Kodbisanhalli,4.0,4800.0,5.0,629.0
Doddathoguru,2.0,1105.0,2.0,50.0
Chellikere,2.0,1088.0,2.0,46.0
Kumarapalli,3.0,1488.0,2.0,60.0
Koramangala,2.0,1084.0,2.0,179.0
Thigalarapalya,2.0,1418.0,2.0,103.0
Kenchenahalli,3.0,480.0,3.0,65.0
Hennur Road,3.0,1482.0,2.0,92.0
Whitefield,2.0,1140.0,2.0,45.0
Haralur Road,3.0,2017.0,2.0,125.0
Battarahalli,2.0,1090.0,2.0,38.37
Kothnoor Dinne,2.0,1200.0,2.0,35.0
Shikaripalya,2.0,1025.0,2.0,39.98
Sarjapura - Attibele Road,5.0,3750.0,6.0,295.0
Bisuvanahalli,3.0,1080.0,2.0,45.0
Poorna Pragna Layout,2.0,1160.0,2.0,46.39
Sarjapur  Road,2.0,1067.0,2.0,60.0
Thigalarapalya,2.0,1418.0,2.0,101.0
Balagere,2.0,1210.0,2.0,72.0
Sarjapur  Road,3.0,1846.0,3.0,145.0
Sarjapur  Road,2.0,1320.0,2.0,115.0
Nrupathunga Nagar,7.0,1200.0,5.0,80.0
Lakshminarayana Pura,3.0,3050.0,2.0,90.0
Iblur Village,3.0,2666.0,4.0,200.0
JP Nagar,2.0,1300.0,2.0,91.65
Balaji Gardens Layout,1.0,825.0,2.0,40.0
Nallurhalli,2.0,1250.0,2.0,65.0
Singanayakanahalli,3.0,1500.0,2.0,65.0
Whitefield,3.0,2225.0,3.0,115.0
Hebbal Kempapura,4.0,1200.0,3.0,148.0
Sarjapur  Road,2.0,1320.0,2.0,100.0
Sompura,4.0,2150.0,3.0,85.0
S R Layout,2.0,1096.0,2.0,48.0
Banashankari Stage III,3.0,1480.0,3.0,75.48
Jp nagar 8th Phase .,10.0,12000.0,12.0,525.0
Gottigere,2.0,1170.0,2.0,40.0
Dodda Nekkundi,2.0,1148.0,2.0,56.0
Cox Town,2.0,1280.0,2.0,120.0
Harlur,3.0,1755.0,3.0,130.0
Begur Road,2.0,1215.0,2.0,43.13
P&T Layout,2.0,935.0,2.0,45.9
Uttarahalli,3.0,1590.0,3.0,57.0
Kudlu,2.0,1162.0,2.0,52.0
Whitefield,2.0,1240.0,2.0,70.0
Jigani,2.0,918.0,2.0,55.0
Nagappa Reddy Layout,2.0,1100.0,2.0,43.5
Varthur,2.0,986.0,2.0,30.0
Veerannapalya,2.0,950.0,2.0,45.0
Lingadheeranahalli,3.0,1530.0,2.0,90.0
Margondanahalli,2.0,1140.0,2.0,60.0
Kattigenahalli,7.0,4100.0,7.0,140.0
Balagere,2.0,1205.0,2.0,63.86
Whitefield,2.0,1355.0,3.0,76.0
Bisuvanahalli,2.0,945.0,2.0,33.0
Yelahanka New Town,2.0,860.0,1.0,31.0
Whitefield,4.0,2155.0,3.0,125.0
Sarjapur  Road,2.0,1115.0,2.0,50.0
Horamavu Agara,2.0,755.0,2.0,37.49
Kodigehaali,4.0,1200.0,4.0,130.0
Maragondanahalli,2.0,720.0,2.0,45.0
Raja Rajeshwari Nagar,2.0,1100.0,2.0,55.0
Richmond Town,3.0,1100.0,2.0,145.0
7th Phase JP Nagar,8.0,1200.0,8.0,250.0
Hennur Road,2.0,1232.0,2.0,89.0
Begur Road,2.0,1160.0,2.0,44.08
Basaveshwara Nagar,8.0,1230.0,6.0,250.0
1st Stage Indira Nagar,4.0,3000.0,4.0,301.0
Rajaji Nagar,2.0,1718.0,3.0,288.0
Kasavanhalli,2.0,1200.0,2.0,78.0
Ramamurthy Nagar,4.0,886.0,4.0,120.0
Kengeri,2.0,1160.0,2.0,40.6
7th Phase JP Nagar,2.0,1130.0,2.0,85.0
Vasantha Vallabha Nagar,3.0,1600.0,3.0,76.0
Vidyaranyapura,2.0,1188.0,2.0,50.0
Raja Rajeshwari Nagar,3.0,1560.0,2.0,62.4
Jalahalli,2.0,1083.0,2.0,32.49
Amblipura,3.0,1300.0,2.0,80.0
Whitefield,2.0,1125.0,2.0,40.0
Yeshwanthpur,5.0,850.0,4.0,90.0
Electronic City,3.0,1320.0,2.0,38.13
Jigani,3.0,1221.0,3.0,65.0
Jigani,2.0,914.0,2.0,55.0
Haralur Road,2.0,1140.0,2.0,43.0
Whitefield,2.0,1140.0,2.0,56.0
Doopanahalli,3.0,1625.0,3.0,150.0
Hormavu,3.0,1365.0,2.0,65.0
Kanakpura Road,3.0,1610.0,2.0,55.0
Horamavu Agara,2.0,1213.0,2.0,38.1
Cholanayakanahalli,3.0,1370.0,2.0,75.0
Sarjapur,3.0,3009.0,3.0,330.0
Hormavu,2.0,1310.0,2.0,67.0
Poorna Pragna Layout,2.0,920.0,2.0,39.55
Karnataka Shabarimala,4.0,1200.0,6.0,70.0
Kengeri Satellite Town,4.0,4100.0,3.0,300.0
7th Phase JP Nagar,3.0,1370.0,2.0,54.79
Akshya Nagar,3.0,1320.0,2.0,58.0
Daadys Gaarden Layout,3.0,1740.0,3.0,55.0
SK Garden,6.0,1850.0,3.0,175.0
Marathahalli,2.0,1200.0,2.0,67.0
Sarjapur  Road,2.0,1019.0,2.0,62.0
JP Nagar,2.0,1250.0,2.0,60.0
TC Palaya,3.0,1200.0,3.0,66.0
Cox Town,3.0,1730.0,3.0,140.0
Whitefield,3.0,1740.0,3.0,95.0
Anekal,2.0,1035.0,2.0,38.3
Budigere,3.0,1636.0,3.0,92.0
Kanakpura Road,3.0,1450.0,3.0,62.4
Vadarpalya,3.0,1750.0,3.0,85.0
BTM Layout,3.0,1470.0,2.0,99.0
OLd Gurappanapalya,3.0,1250.0,3.0,39.0
Uttarahalli,3.0,1560.0,3.0,74.0
Devanahalli,4.0,2400.0,5.0,190.0
Vijayanagar,3.0,1520.0,2.0,103.0
Bhoganhalli,2.0,1205.0,2.0,64.47
Bhoganhalli,2.0,910.2,2.0,80.64
2nd Phase Judicial Layout,2.0,1150.0,2.0,40.25
Neelasandra,4.0,1140.0,3.0,145.0
Vidyaranyapura,3.0,1440.0,2.0,70.0
Chandapura,3.0,1162.5,,30.215
Indira Nagar,4.0,2400.0,5.0,1250.0
Hennur Road,3.0,1933.0,3.0,140.0
Whitefield,2.0,1200.0,2.0,45.84
Vittasandra,2.0,1404.0,2.0,69.3
Electronic City,2.0,1165.0,2.0,33.65
Haralur Road,3.0,1850.0,3.0,120.0
Haralur Road,2.0,1225.0,2.0,67.38
Hennur Road,2.0,1359.0,2.0,104.0
Harlur,2.0,1225.0,2.0,56.0
Thanisandra,3.0,1370.0,2.0,61.0
Balagere,1.0,675.0,1.0,45.0
Hormavu,2.0,1310.0,2.0,60.0
Balagere,2.0,1007.0,2.0,65.0
Mysore Road,3.0,1340.0,2.0,64.31
Kothannur,2.0,1070.0,2.0,42.79
Yelahanka,3.0,1620.0,3.0,90.0
6th block Koramangala,3.0,2350.0,3.0,400.0
Kothanur,4.0,1140.0,4.0,90.0
Kanakpura Road,1.0,525.0,,21.53
Rajiv Nagar,4.0,2330.0,5.0,175.0
EPIP Zone,3.0,2210.0,3.0,165.0
KR Puram,4.0,3000.0,4.0,235.0
Marathahalli,3.0,1530.0,3.0,71.0
Sarjapur  Road,3.0,1814.0,3.0,63.0
Bharathi Nagar,2.0,1384.0,2.0,59.0
Hegde Nagar,3.0,1801.0,3.0,140.0
Mico Layout,2.0,1190.0,2.0,39.25
Peenya,5.0,1440.0,5.0,110.0
Haralur Road,2.0,1027.0,2.0,44.0
Banashankari,3.0,3580.0,3.0,411.0
Pai Layout,2.0,1400.0,2.0,57.5
Adityanagar,5.0,875.0,5.0,120.0
CV Raman Nagar,2.0,1040.0,2.0,50.0
Whitefield,2.0,1270.0,2.0,94.0
Harlur,2.0,1200.0,2.0,49.5
Binny Pete,3.0,1282.0,3.0,178.0
Whitefield,3.0,1870.0,3.0,90.0
Kodathi,2.0,829.0,2.0,22.8
Mahadevpura,2.0,1192.0,2.0,75.0
Hormavu,2.0,1180.0,2.0,50.0
Begur Road,2.0,1160.0,2.0,44.0
Marathahalli,2.0,1360.0,2.0,103.0
Electronic City Phase II,2.0,911.0,2.0,26.5
R.T. Nagar,9.0,1200.0,10.0,180.0
Marathahalli,3.0,1350.0,3.0,72.0
TC Palaya,3.0,1200.0,2.0,66.0
Bellandur,3.0,1767.0,3.0,109.0
Kathreguppe,8.0,1200.0,8.0,250.0
7th Phase JP Nagar,4.0,2503.0,4.0,188.0
Sarjapur  Road,2.0,1367.0,2.0,80.0
Yelahanka,2.0,1362.0,2.0,66.0
TC Palaya,2.0,1200.0,2.0,65.0
Budigere,3.0,1636.0,3.0,85.0
Kasavanhalli,2.0,1230.0,2.0,66.25
Rajaji Nagar,3.0,1640.0,3.0,220.0
Gopalapura,4.0,3179.0,5.0,351.0
Hegde Nagar,3.0,1584.01,3.0,103.0
Sarjapur  Road,3.0,1525.0,2.0,63.0
Badavala Nagar,2.0,1274.0,2.0,81.0
Rajaji Nagar,3.0,2300.0,3.0,369.0
Malleshwaram,3.0,2475.0,4.0,300.0
Bisuvanahalli,2.0,845.0,2.0,33.0
Haralur Road,4.0,2805.0,4.0,154.0
Ashwathnagar,3.0,2204.0,2.0,305.0
Whitefield,3.0,1396.0,3.0,74.0
Hennur Road,3.0,2047.0,3.0,67.55
Kudlu,2.0,1143.0,2.0,55.0
Whitefield,3.0,1200.0,3.0,56.72
Kanakpura Road,2.0,2200.0,2.0,62.0
Anekal,2.0,888.0,2.0,34.0
3rd Phase Iti Layout,2.0,1145.0,2.0,63.0
Whitefield,2.0,1250.0,2.0,85.0
Hormavu,2.0,1018.0,2.0,50.8
Sahakara Nagar,2.0,1180.0,2.0,72.0
Wajid layout thanisandra,4.0,3000.0,5.0,100.0
Whitefield,4.0,5000.0,4.0,400.0
Hennur Road,2.0,1165.0,2.0,67.0
Jalahalli,1.0,600.0,1.0,37.0
ISRO Layout,2.0,1000.0,2.0,60.0
Begur Road,3.0,1410.0,2.0,44.42
Whitefield,2.0,1216.0,2.0,73.0
RK Colony,9.0,1200.0,9.0,230.0
Babusapalaya,3.0,1213.0,2.0,41.39
Tejaswini Nagar,3.0,1560.0,3.0,85.0
Himagiri Meadows,4.0,1350.0,4.0,175.0
Attibele,2.0,1200.0,2.0,42.0
Lingadheeranahalli,3.0,1894.0,4.0,114.0
9th Phase JP Nagar,1.0,600.0,1.0,20.0
Konanakunte,9.0,1590.0,6.0,150.0
Banashankari,2.0,1200.0,2.0,49.0
Yelahanka,6.0,1200.0,5.0,150.0
Kanakapura,2.0,1020.0,2.0,42.83
Whitefield,3.0,4800.0,4.0,600.0
Whitefield,2.0,1096.0,2.0,39.0
Yeshwanthpur,3.0,1852.0,3.0,160.0
Chandapura,3.0,1208.51,3.0,42.0
Malleshpalya,2.0,1421.0,2.0,90.0
Hulimavu,4.0,2000.0,4.0,100.0
Nelamangala,4.0,1470.0,4.0,34.5
Babusapalaya,2.0,1084.0,2.0,58.0
Banashankari Stage III,3.0,1305.0,2.0,60.0
Pampa Extension,2.0,993.0,2.0,45.5
Kothanur,2.0,1185.0,2.0,59.0
Jigani,3.0,1300.0,3.0,150.0
Kothannur,2.0,1197.0,2.0,47.8
Whitefield,2.0,1109.0,2.0,35.47
OMBR Layout,4.0,3400.0,4.0,275.0
8th Phase JP Nagar,6.0,1200.0,6.0,260.0
Silver Springs Layout,3.0,1550.0,2.0,70.0
Marathahalli,2.0,1102.0,2.0,53.67
Lakshminarayana Pura,3.0,1750.0,3.0,150.0
Uttarahalli,2.0,1101.0,2.0,45.0
Somasundara Palya,2.0,1186.0,2.0,76.0
Ramamurthy Nagar Extension,2.0,1185.0,2.0,42.66
Bannerghatta Road,3.0,1427.0,2.0,48.51
Kambipura,3.0,1082.0,2.0,45.0
Hormavu,2.0,1065.0,2.0,50.92
Babusapalaya,2.0,1141.0,2.0,46.0
Harlur,4.0,3385.0,4.0,260.0
Kempegowda Nagar,3.0,1665.0,3.0,105.0
Hanuman Nagar,3.0,2072.0,3.0,108.0
5th Phase JP Nagar,2.0,1390.0,2.0,65.0
Chamundi Nagar,7.0,2800.0,7.0,250.0
Ashwini layout,1.0,834.0,1.0,62.0
Lakshmi Layout,4.0,600.0,5.0,85.0
Basaveshwara Nagar,2.0,1180.0,2.0,58.0
Sarjapur  Road,3.0,2238.0,3.0,140.0
Babusapalaya,3.0,1410.0,2.0,65.0
Whitefield,2.0,1180.0,2.0,41.0
Harlur,3.0,1620.0,3.0,110.0
Gubbalala,3.0,1745.0,3.0,125.0
Hebbal,4.0,2790.0,4.0,198.0
Bannerghatta Road,2.0,892.0,2.0,39.0
Marathahalli,3.0,1130.0,2.0,58.0
Kadugodi,3.0,1900.0,3.0,108.0
Lake City,2.0,780.0,2.0,35.0
Nagarbhavi,3.0,1400.0,2.0,135.0
Hosa Road,3.0,1513.0,3.0,103.0
Seshadripuram,2.0,1217.0,2.0,164.0
7th Phase JP Nagar,2.0,1035.0,2.0,39.33
Whitefield,3.0,3850.0,5.0,316.0
Konanakunte,3.0,2791.0,3.0,223.0
 south,4.0,3420.0,3.0,410.0
Bhoganhalli,3.0,1458.0,3.0,78.45
Marsur,3.0,715.0,2.0,29.0
Banashankari Stage I,5.0,3000.0,4.0,170.0
4th T block Jayanagar,3.0,2100.0,3.0,220.0
Chamrajpet,2.0,1350.0,2.0,180.0
Pattandur Agrahara,2.0,797.0,2.0,32.0
Marathahalli,3.0,1583.0,3.0,105.0
Kumarapalli,3.0,1488.0,2.0,65.0
Kothannur,3.0,1215.0,2.0,48.6
Hennur Road,3.0,1192.0,2.0,62.0
Chikkathoguru,2.0,1045.0,2.0,42.0
7th Phase JP Nagar,2.0,1050.0,2.0,75.0
Sarjapur  Road,2.0,1044.0,2.0,34.77
Kaggalipura,2.0,950.0,2.0,39.0
Sanjeevini Nagar,3.0,2820.0,3.0,285.0
Marathahalli,4.0,3855.0,4.0,220.0
Vishveshwarya Layout,4.0,600.0,4.0,95.0
Hebbal,3.0,2600.0,3.0,199.0
Hosa Road,1.0,615.0,1.0,28.29
Sanjay nagar,3.0,1500.0,3.0,150.0
Sarjapur  Road,3.0,1939.0,3.0,98.0
Sarjapur,2.0,925.0,2.0,25.0
CV Raman Nagar,2.0,1225.0,2.0,48.0
Victoria Layout,2.0,1300.0,2.0,129.0
Hennur Road,3.0,2060.0,3.0,149.0
Anekal,1.0,456.0,1.0,15.0
2nd Block Bel Layout,3.0,1625.0,3.0,92.0
Electronic City,2.0,1125.0,2.0,28.13
Jakkur,3.0,1858.0,3.0,98.3
Austin Town,1.0,600.0,2.0,23.0
Sri Balaji Krupa Layout,4.0,1750.0,4.0,263.0
Yeshwanthpur,3.0,1860.0,3.0,168.0
Hoodi,2.0,1259.0,2.0,69.45
Electronic City,2.0,995.0,2.0,48.0
Kanakpura Road,4.0,2775.0,3.0,165.0
R.T. Nagar,2.0,1200.0,2.0,60.0
Harlur,3.0,1750.0,3.0,136.0
8th Phase JP Nagar,4.0,1200.0,4.0,140.0
Electronic City Phase II,2.0,829.0,2.0,22.8
Hoodi,2.0,1400.0,2.0,82.0
Ramamurthy Nagar,2.0,1101.0,2.0,50.0
Nehru Nagar,3.0,2167.0,3.0,170.0
JP Nagar,3.0,2500.0,3.0,135.0
8th block Koramangala,4.0,1650.0,3.0,300.0
Garudachar Palya,4.0,4500.0,5.0,400.0
Gottigere,3.0,1493.0,2.0,90.0
Whitefield,3.0,1200.0,3.0,56.0
Venkatapura,1.0,416.0,1.0,18.5
Laggere,7.0,1590.0,9.0,132.0
Kumbhena Agrahara,6.0,1200.0,5.0,150.0
Abbigere,2.0,1130.0,2.0,46.33
Nagarbhavi,1.0,300.0,1.0,20.0
KR Puram,4.0,2065.0,4.0,248.0
Whitefield,3.0,2280.0,4.0,126.0
Vijayanagar,1.0,492.0,1.0,40.0
Kundalahalli,3.0,1500.0,3.0,50.0
Whitefield,2.0,1170.0,2.0,56.0
Rajarajeshwari Nagara,3.0,1410.0,2.0,45.12
Dasarahalli,7.0,2400.0,3.0,150.0
Siddapura,4.0,14000.0,3.0,800.0
2nd Stage Nagarbhavi,3.0,600.0,4.0,100.0
Kudlu Gate,3.0,1432.0,2.0,61.11
TC Palaya,2.0,1000.0,2.0,70.0
Yeshwanthpur,3.0,1713.0,3.0,110.0
Bellandur,7.0,700.0,8.0,100.0
Kodathi,2.0,850.0,2.0,27.0
Hongasandra,2.0,1065.0,2.0,45.0
Brookefield,2.0,1142.0,2.0,70.0
Bommasandra Industrial Area,3.0,1400.0,2.0,40.44
Hennur Road,3.0,1305.0,2.0,77.0
Nanjappa Garden,2.0,1275.0,2.0,55.0
Old Madras Road,3.0,1425.0,2.0,74.31
Bileshivale,4.0,5400.0,4.0,250.0
Brookefield,3.0,1746.0,3.0,115.0
Mahadevpura,2.0,1260.0,2.0,57.6
Rajaji Nagar,5.0,900.0,4.0,140.0
Kaval Byrasandra,2.0,1100.0,2.0,46.0
9th Phase JP Nagar,4.0,5000.0,4.0,290.0
Thanisandra,3.0,1265.0,2.0,79.0
Cambridge Layout,4.0,1600.0,3.0,165.0
Varanasi,2.0,1334.0,2.0,62.0
Bannerghatta Road,2.0,1206.0,2.0,53.0
Begur Road,3.0,1444.0,2.0,71.5
Nyanappana Halli,2.0,1140.0,2.0,49.0
Geddalahalli,5.0,1200.0,3.0,95.0
Kasavanhalli,3.0,1646.0,3.0,79.5
Bellandur,2.0,1049.0,2.0,51.0
Raja Rajeshwari Nagar,2.0,1240.0,2.0,53.27
TC Palaya,3.0,1600.0,2.0,65.0
Kothannur,2.0,1070.0,2.0,38.6
Malleshwaram,3.0,2475.0,4.0,337.0
Bannerghatta Road,2.0,1275.0,2.0,65.0
Yelahanka,2.0,1445.0,2.0,82.0
Kodichikkanahalli,3.0,1190.0,2.0,57.0
Guni Agrahara,7.0,1200.0,6.0,115.0
Akshaya Nagar,3.0,1690.0,3.0,85.0
Dasarahalli,3.0,1901.0,3.0,119.0
8th Phase JP Nagar,4.0,1200.0,3.0,110.0
Byrathi Village,4.0,900.0,3.0,51.0
Whitefield,2.0,1270.0,2.0,52.0
Sarjapur  Road,2.0,1115.0,2.0,50.0
Yelahanka,3.0,1600.0,2.0,75.0
Thanisandra,2.0,1276.0,2.0,75.0
Friends Colony,2.0,1035.0,2.0,44.0
Malleshwaram,3.0,2520.0,3.0,150.0
Sarjapur  Road,4.0,3900.0,4.0,300.0
Uttarahalli,2.0,1150.0,2.0,45.99
Cottonpet,4.0,971.0,2.0,135.0
Kalena Agrahara,3.0,1510.0,3.0,78.0
mvj engineering college,3.0,1200.0,3.0,56.53
Binny Pete,3.0,1282.0,3.0,178.0
Electronic City Phase II,2.0,545.0,1.0,29.0
Kodichikkanahalli,2.0,1060.0,2.0,34.0
Tejaswini Nagar,3.0,1410.0,2.0,54.0
Hulimavu,4.0,1500.0,4.0,192.0
Lakshminarayana Pura,3.0,1656.0,3.0,150.0
Frazer Town,3.0,1900.0,4.0,145.0
Sarjapur  Road,2.0,1026.0,2.0,60.8
R.T. Nagar,3.0,1140.0,3.0,130.0
Ckikkakammana Halli,2.0,902.0,2.0,42.0
Banashankari Stage VI,3.0,1410.5,2.0,70.385
Koramangala,3.0,1744.0,3.0,200.0
Mysore Road,2.0,883.0,2.0,40.0
Whitefield,2.0,1220.0,2.0,89.0
Whitefield,3.0,1704.0,3.0,120.0
Hennur,2.0,1255.0,2.0,52.32
Geddalahalli,2.0,893.0,2.0,34.5
Haralur Road,2.0,1300.0,2.0,79.0
Roopena Agrahara,3.0,1215.0,2.0,49.86
Vittasandra,2.0,1238.0,2.0,67.32
Kaval Byrasandra,2.0,997.0,2.0,53.0
R.T. Nagar,2.0,1100.0,2.0,85.0
Attibele,1.0,450.0,1.0,11.0
Raja Rajeshwari Nagar,3.0,1288.0,2.0,70.0
Ashirvad Colony,2.0,1100.0,2.0,53.0
Maruthi Sevanagar,2.0,950.0,2.0,44.0
Rajaji Nagar,2.0,1440.0,2.0,185.0
Shetty Halli,1.0,800.0,1.0,32.0
Shauhardha Layout,1.0,509.0,1.0,20.0
Bannerghatta Road,2.0,1270.0,2.0,45.0
Uttarahalli,3.0,1650.0,2.0,130.0
Kaggadasapura,3.0,1500.0,2.0,60.0
Hormavu,2.0,1150.0,2.0,53.11
Budigere,2.0,1153.0,2.0,56.5
Yelahanka,6.0,3600.0,6.0,200.0
Electronics City Phase 1,2.0,940.0,2.0,40.0
Whitefield,3.0,1840.0,3.0,140.0
Thigalarapalya,4.0,3362.0,5.0,249.0
Malleshwaram,3.0,2050.0,4.0,270.0
Rachenahalli,2.0,985.0,2.0,49.97
Anand nagar,2.0,1200.0,2.0,70.0
Whitefield,1.0,640.0,1.0,19.83
Basaveshwara Nagar,3.0,1200.0,3.0,190.0
Nagashetty Halli,4.0,16335.0,4.0,149.0
Rajaji Nagar,2.0,1268.0,2.0,127.0
Bellandur,3.0,1735.0,3.0,105.0
Hennur Road,2.0,973.0,2.0,56.0
Kasavanhalli,3.0,1494.0,3.0,82.0
8th Phase JP Nagar,3.0,1230.0,2.0,43.5
Bannerghatta Road,3.0,1655.0,2.0,62.89
Whitefield,2.0,1346.0,2.0,76.01
KG Halli,1.0,375.0,1.0,26.0
Banashankari,2.0,1020.0,2.0,40.79
Hosakerehalli,4.0,3205.0,5.0,500.0
Thanisandra,2.0,1220.0,2.0,43.92
Yelachenahalli,3.0,1400.0,2.0,55.0
Crimson Layout,2.0,1250.0,2.0,60.0
Ramamurthy Nagar,2.0,1200.0,2.0,68.0
Kenchenahalli,3.0,1720.0,3.0,100.0
Nagavarapalya,2.0,1134.0,2.0,55.0
EPIP Zone,2.0,1330.0,2.0,86.98
KR Puram,2.0,1040.0,2.0,50.0
Harsha Layout,1.0,450.0,1.0,20.0
Basavangudi,3.0,2300.0,3.0,317.0
Kundalahalli,3.0,1496.0,2.0,78.0
R.T. Nagar,2.0,1040.0,2.0,46.0
Talaghattapura,3.0,2038.5,3.0,120.0
Bellandur,2.0,1170.0,2.0,46.79
Whitefield,2.0,1024.0,2.0,32.0
Sahakara Nagar,3.0,2200.0,3.0,98.0
Yelachenahalli,4.0,900.0,2.0,115.0
Medahalli,3.0,1065.0,3.0,72.0
Ngef Layout,4.0,2100.0,3.0,1000.0
Electronic City Phase II,2.0,1069.0,2.0,45.0
Mahadevpura,2.0,1058.0,2.0,85.0
Banashankari,2.0,1020.0,2.0,42.83
Electronics City Phase 1,3.0,2040.0,3.0,137.0
1st Phase JP Nagar,2.0,1566.0,2.0,180.0
Bhoganhalli,3.0,1700.0,3.0,126.0
6th Phase JP Nagar,2.0,1170.0,2.0,120.0
Whitefield,4.0,2856.0,5.0,154.5
Kanakapura Road,3.0,1950.0,3.0,130.0
Hebbal,2.0,1299.0,2.0,100.0
Harlur,2.0,1197.0,2.0,78.0
Whitefield,2.0,1074.0,2.0,42.8
Ananth Nagar,1.0,500.0,1.0,14.0
Sadashiva Nagar,4.0,3500.0,4.0,700.0
Thanisandra,2.0,1460.0,2.0,38.5
Bellandur,2.0,1410.0,3.0,92.0
Indira Nagar,2.0,1475.0,2.0,171.0
Ramanagara Channapatna,4.0,1200.0,2.0,75.0
Upadhyaya Layout,3.0,1300.0,2.0,67.0
Rajaji Nagar,4.0,6500.0,5.0,1400.0
Whitefield,4.0,2400.0,5.0,329.0
Haralur Road,2.0,1027.0,1.0,44.0
Jai Bheema Nagar,3.0,1470.0,2.0,70.0
Lingadheeranahalli,3.0,1683.0,3.0,110.0
Sai Gardens,2.0,1339.0,2.0,55.0
Talaghattapura,3.0,2265.0,3.0,159.0
Kothanur,3.0,1435.0,3.0,70.0
Nagadevanahalli,2.0,1090.0,2.0,36.0
Vishwapriya Layout,2.0,1235.0,2.0,60.0
Dodda Nekkundi,2.0,850.0,2.0,28.0
Giri Nagar,1.0,600.0,1.0,125.0
Electronic City Phase II,2.0,1020.0,2.0,30.6
Dasarahalli,2.0,1220.0,2.0,52.0
1st Block Jayanagar,4.0,2400.0,4.0,450.0
Uttarahalli,3.0,1285.0,2.0,44.98
Vittal Nagar,2.0,1000.0,2.0,45.0
KR Puram,2.0,1035.0,2.0,40.5
Kammasandra,2.0,810.0,2.0,24.5
 Devarachikkanahalli,3.0,1417.0,2.0,76.0
Abbigere,8.0,3000.0,8.0,150.0
Hosakerehalli,3.0,1795.0,3.0,64.62
Kaggadasapura,2.0,1132.0,2.0,42.0
Nallurhalli,2.0,1100.0,2.0,62.0
Raja Rajeshwari Nagar,2.0,1196.0,2.0,40.54
Shree Ananth Nagar Layout,2.0,1154.0,2.0,57.0
Haralur Road,2.0,1140.0,2.0,43.0
5th Stage BEML Layout,3.0,2000.0,3.0,85.0
1st Block HBR Layout,4.0,3150.0,4.0,150.0
Electronic City,3.0,1025.0,2.0,47.0
Sarjapur  Road,3.0,1787.0,3.0,116.0
Kathriguppe,3.0,1300.0,3.0,77.99
Amruthahalli,3.0,2650.0,4.0,175.0
Mallappa Layout,3.0,1500.0,3.0,75.0
Marathahalli,3.0,1350.0,2.0,62.0
Koramangala,3.0,1745.0,3.0,98.0
Yeshwanthpur,2.0,1277.5,2.0,95.815
Vittasandra,2.0,1246.0,2.0,64.5
"Off Sarjapur Road, ",3.0,1518.0,3.0,76.0
Sarjapur  Road,3.0,1819.0,3.0,100.0
KR Puram,2.0,1150.0,2.0,42.0
Jalahalli,1.0,612.5,1.0,27.565
Raja Rajeshwari Nagar,2.0,1240.0,2.0,40.54
Brookefield,4.0,3532.0,3.0,170.0
Cooke Town,3.0,1850.0,3.0,110.0
Panathur,2.0,1125.0,2.0,45.0
Somasundara Palya,3.0,1575.0,3.0,63.1
Electronic City,2.0,1070.0,2.0,48.0
Shanti Nagar,2.0,420.0,1.0,25.0
Jigani,2.0,914.0,2.0,47.0
Kathriguppe,3.0,1335.0,2.0,73.43
Mysore Road,2.0,1170.0,2.0,65.0
Horamavu Agara,3.0,1453.0,2.0,46.48
Kanakpura Road,2.0,700.0,2.0,35.0
Yeshwanthpur,4.0,1200.0,4.0,110.0
Thigalarapalya,2.0,1418.0,2.0,104.0
Hebbal,3.0,3500.0,3.0,395.0
Sarjapur,4.0,3300.0,4.0,430.0
Channasandra Layout,5.0,3100.0,6.0,165.0
Langford Town,3.0,912.0,2.0,70.0
Hormavu,2.0,1165.0,2.0,40.0
Electronic City,3.0,1350.0,3.0,58.0
Hosakerehalli,3.0,1817.0,4.0,153.0
Old Madras Road,3.0,1350.0,3.0,58.99
Thanisandra main road,4.0,4110.0,4.0,590.0
Banashankari,3.0,1770.0,3.0,108.0
Billekahalli,2.0,1125.0,2.0,65.0
Ananth Nagar,1.0,500.0,1.0,14.0
Thubarahalli,3.0,1242.0,3.0,51.0
Avalahalli,2.0,1053.0,2.0,46.29
Domlur,1.0,640.0,1.0,55.0
Whitefield,3.0,1738.0,2.0,79.0
 Thanisandra,1.0,510.0,1.0,25.25
Hoodi,2.0,1225.0,2.0,45.0
Hebbal,2.0,1440.0,2.0,115.0
Kereguddadahalli,2.0,800.0,2.0,28.0
Ambalipura,3.0,1800.0,3.0,110.0
Uttarahalli,3.0,1265.0,2.0,65.0
Lakshmi Layout,9.0,900.0,10.0,170.0
Bommasandra Industrial Area,2.0,1130.0,2.0,32.64
Parappana Agrahara,2.0,1194.0,2.0,46.0
Bhagyalakshmi Avenue,1.0,540.0,1.0,22.5
Electronic City,2.0,1020.0,2.0,29.46
Electronic City,3.0,1400.0,2.0,40.44
Thanisandra,2.0,1110.0,2.0,46.5
GKW Layout,4.0,1350.0,4.0,225.0
Doddanekundi,3.0,1760.0,3.0,176.0
Attibele,2.0,1000.0,2.0,42.0
Kudlu Gate,3.0,1535.0,3.0,85.0
Old Madras Road,4.0,3715.0,6.0,224.5
Uttarahalli,2.0,1200.0,2.0,55.0
Vidyaranyapura,2.0,1100.0,2.0,54.0
R.T. Nagar,2.0,1500.0,2.0,45.0
Devanahalli Road,3.0,1532.0,3.0,92.0
Basavanapura,7.0,1800.0,5.0,65.0
Kuvempu Nagar,3.0,1540.0,3.0,150.0
Abbigere,1.0,765.0,2.0,30.0
Whitefield,2.0,1170.0,2.0,38.0
Varthur,3.0,1665.0,3.0,71.58
Hennur Busstop,2.0,1100.0,2.0,62.7
Jalahalli East,4.0,720.0,4.0,48.0
Electronic City Phase II,3.0,1310.0,2.0,37.84
Banashankari,2.0,1260.0,2.0,75.0
Whitefield,2.0,1317.0,2.0,52.0
Syndicate Bank Colony,3.0,1200.0,3.0,66.0
Bellandur,3.0,1420.0,3.0,62.0
Channasandra,6.0,4200.0,6.0,180.0
Chikkabanavar,8.0,4000.0,7.0,110.0
Hosur Road,3.0,1370.0,3.0,38.36
Kengeri,1.0,400.0,1.0,25.0
Yeshwanthpur,2.0,1195.0,2.0,100.0
Kachanayakanahalli,2.0,861.0,2.0,35.0
Sarjapur  Road,2.0,1000.0,2.0,40.0
Thanisandra,3.0,1430.0,2.0,56.0
7th Phase JP Nagar,2.0,1050.0,2.0,42.0
Hebbal,3.0,1920.0,3.0,134.0
Uttarahalli,2.0,1025.0,2.0,35.88
Jakkur Plantation,3.0,1765.0,3.0,105.0
Kaggadasapura,3.0,1350.0,3.0,55.5
Roopena Agrahara,2.0,1200.0,2.0,100.0
Ardendale,3.0,1750.0,3.0,100.0
Kenchenhalli,3.0,1786.0,3.0,79.99
Vasanth nagar,3.0,3025.0,3.0,500.0
Sahakara Nagar,3.0,1100.0,2.0,75.0
Electronic City Phase II,4.0,1900.0,3.0,97.0
Sarjapur  Road,4.0,3005.0,5.0,275.0
Ramamurthy Nagar,3.0,3600.0,3.0,150.0
BTM Layout,3.0,1540.0,2.0,78.0
Electronic City,2.0,1140.0,2.0,70.93
Rajaji Nagar,3.0,2450.0,3.0,330.0
Kanakpura Road,3.0,1100.0,2.0,53.0
Kanakpura Road,3.0,1100.0,3.0,56.57
KR Puram,1.0,700.0,1.0,21.5
R.T. Nagar,2.0,1080.0,2.0,48.0
Hoysalanagar,3.0,1325.0,3.0,57.0
Vidyaranyapura,6.0,1060.0,6.0,110.0
Whitefield,3.0,1897.0,3.0,130.0
Hennur Road,2.0,1385.0,2.0,83.09
Srirampura,7.0,1875.0,5.0,192.0
Baba Nagar,2.0,700.0,2.0,29.0
Vijayanagar,3.0,1826.0,3.0,121.0
Jakkur,3.0,1785.0,3.0,130.0
Kalasipalya,7.0,1875.0,2.0,300.0
Lavelle Road,3.0,2500.0,3.0,425.0
Kengeri,1.0,500.0,1.0,17.0
Yelenahalli,3.0,1600.0,3.0,61.37
Babusapalaya,2.0,1100.0,2.0,38.0
Kasavanhalli,2.0,1121.0,2.0,78.0
Singapura Village,4.0,2230.0,4.0,130.0
Mahadevpura,2.0,1050.0,2.0,42.0
Haralur Road,4.0,3700.0,4.0,325.0
Kengeri,2.0,927.0,2.0,37.0
Raja Rajeshwari Nagar,3.0,1280.0,3.0,57.6
Electronics City Phase 1,2.0,1300.0,2.0,67.0
Jalahalli West,2.0,782.0,2.0,55.68
Whitefield,4.0,4800.0,5.0,550.0
Marathahalli,2.0,1019.0,2.0,49.86
Hosur Road,2.0,1180.0,2.0,36.5
Koramangala,2.0,1180.0,2.0,128.0
Vignana Nagar,5.0,800.0,4.0,98.0
Ashirvad Colony,2.0,1100.0,2.0,45.0
Raja Rajeshwari Nagar,3.0,1260.0,2.0,62.0
Choodasandra,2.0,1140.0,2.0,62.0
Carmelaram,3.0,1732.5,3.0,91.855
Kudlu,3.0,1245.0,2.0,60.0
Budigere,3.0,1820.0,3.0,93.0
"Off Sarjapur road, ",4.0,3000.0,4.0,342.0
Kundalahalli,3.0,1724.0,3.0,125.0
Koramangala,2.0,1260.0,2.0,100.0
Electronic City,2.0,1110.0,2.0,40.0
Uttarahalli,2.0,1125.0,2.0,47.0
Tata Nagar,2.0,1364.0,2.0,70.0
KR Garden,2.0,925.0,2.0,63.0
Yeshwanthpur,3.0,1676.0,3.0,92.13
manyata park,3.0,1780.0,3.0,84.83
Kudlu Gate,3.0,1850.0,3.0,120.0
HSR Layout,2.0,1185.0,2.0,60.0
Gulimangala,3.0,1690.0,3.0,50.0
Talaghattapura,2.0,1100.0,2.0,50.0
6th Phase JP Nagar,3.0,1250.0,3.0,48.9
Banjara Layout,3.0,600.0,3.0,58.0
VGP Layout,2.0,1176.0,2.0,44.0
Kenchenahalli,1.0,715.0,1.0,45.0
Sarjapur,4.0,2970.0,3.0,130.0
Huskur,2.0,1125.0,2.0,32.49
Thigalarapalya,3.0,2215.0,4.0,160.0
Hosa Road,3.0,1318.0,2.0,85.28
Marathahalli,4.0,3400.0,4.0,235.0
Banashankari Stage III,3.0,1350.0,2.0,68.0
Old Airport Road,2.0,1055.0,2.0,75.0
Rajaji Nagar,4.0,3730.0,4.0,370.0
Ejipura,7.0,1800.0,7.0,250.0
9th Phase JP Nagar,4.0,3500.0,4.0,300.0
Electronic City,3.0,1360.0,2.0,71.0
9th Phase JP Nagar,3.0,1240.0,2.0,39.89
Kasavanhalli,3.0,1980.0,3.0,88.0
Byadarahalli,3.0,3071.0,4.0,300.0
Kanakpura Road,3.0,1610.0,3.0,78.5
Cleveland Town,2.0,1100.0,2.0,85.0
Yelahanka,2.0,890.0,2.0,40.0
Badavala Nagar,3.0,1842.0,3.0,115.0
Hormavu,2.0,1050.0,2.0,77.0
1st Block HRBR Layout,3.0,600.0,3.0,90.0
Peenya,3.0,1286.0,3.0,67.0
Doddakannelli,3.0,1475.0,3.0,70.0
Sarjapur  Road,2.0,1200.0,2.0,75.0
Ramagondanahalli,3.0,1910.0,3.0,142.0
Electronic City,2.0,1200.0,2.0,20.0
Banashankari,2.0,1181.0,2.0,75.0
Kanakpura Road,2.0,1207.0,2.0,79.9
Kothanur,2.0,1185.0,2.0,58.0
Kudlu Gate,1.0,1400.0,1.0,285.0
Arekere,2.0,1222.0,2.0,45.0
Devanahalli,2.0,1260.0,2.0,66.78
Kudlu Gate,3.0,1532.0,3.0,83.0
Dinnur,3.0,1700.0,3.0,97.0
Kudlu,2.0,1300.0,2.0,56.0
Domlur Layout,3.0,2000.0,3.0,200.0
Marathahalli,3.0,1950.0,3.0,115.0
Palace Road,3.0,1480.0,2.0,145.0
KR Puram,2.0,734.0,2.0,22.0
Attibele,1.0,400.0,1.0,12.0
Maruthi Nagar,10.0,3300.0,9.0,450.0
Whitefield,2.0,1192.0,2.0,71.0
Hennur Road,2.0,1157.0,2.0,84.0
Yelahanka,2.0,1115.0,2.0,60.0
Panduranga Nagar,1.0,500.0,1.0,20.0
Kanakpura Road,3.0,1425.0,2.0,49.88
Sarjapur  Road,2.0,1346.0,2.0,69.61
Banaswadi,6.0,1000.0,4.0,150.0
Mahadevpura,2.0,1475.0,2.0,55.0
Tumkur Road,2.0,708.0,2.0,32.0
Kothnur Narayanapura,2.0,1290.0,1.0,77.5
Bannerghatta Road,2.0,1000.0,2.0,44.5
Hosa Road,2.0,1170.0,2.0,65.0
Kalena Agrahara,2.0,1187.0,2.0,52.0
Sarjapur  Road,3.0,1428.0,2.0,66.0
Kaggadasapura,3.0,1495.0,3.0,60.0
Rachenahalli,2.0,1050.0,2.0,52.5
Electronic City Phase II,3.0,1400.0,2.0,40.43
Yelahanka,4.0,2912.5,6.0,125.5
Budigere,2.0,1153.0,2.0,56.4
Hennur Road,2.0,1232.0,2.0,74.0
Raja Rajeshwari Nagar,3.0,1529.0,3.0,51.77
Electronics City Phase 1,2.0,1145.0,2.0,54.0
Shivaji Nagar,3.0,1460.0,2.0,90.0
Sarjapur,2.0,1175.0,2.0,41.68
Electronic City,2.0,1140.0,2.0,32.93
Electronics City Phase 1,2.0,950.0,2.0,31.0
5th Phase JP Nagar,2.0,1207.0,2.0,63.0
Electronics City Phase 1,2.0,1015.0,2.0,56.0
R.T. Nagar,4.0,1800.0,3.0,120.0
"Banashankari 6th stage , 2nd block",3.0,600.0,4.0,100.0
Marathahalli,2.0,1350.0,2.0,89.0
Bommasandra,3.0,1200.0,3.0,46.0
Electronics City Phase 1,3.0,1750.0,3.0,84.0
Battarahalli,3.0,2082.0,3.0,104.0
Kalena Agrahara,2.0,800.0,2.0,40.0
Vijayanagar,3.0,1704.0,3.0,110.0
Electronics City Phase 1,2.0,1113.27,2.0,53.0
Whitefield,3.0,1635.0,2.0,85.0
Kathriguppe,2.0,754.0,2.0,69.99
Rayasandra,2.0,1253.0,2.0,57.0
JP Nagar,2.0,1107.0,2.0,57.0
Kengeri,3.0,1200.0,3.0,67.0
Hennur,3.0,1655.0,2.0,70.5
Uttarahalli,2.0,1075.0,2.0,46.76
Richmond Town,2.0,1233.0,2.0,100.0
Whitefield,4.0,5924.0,4.0,625.0
Electronic City,1.0,418.0,1.0,12.0
Uttarahalli,7.0,1200.0,7.0,225.0
Hebbal,4.0,2470.0,5.0,247.0
EPIP Zone,3.0,1860.0,3.0,130.0
Bannerghatta Road,3.0,1344.0,2.0,42.0
Kengeri,2.0,1052.0,2.0,51.0
Marathahalli,4.0,4000.0,4.0,220.0
Jai Bheema Nagar,2.0,1339.0,2.0,55.0
Pai Layout,2.0,1150.0,2.0,170.0
B Y Raveshwara Nagar,4.0,1200.0,2.0,140.0
Sector 6 HSR Layout,3.0,3800.0,3.0,580.0
Varthur,2.0,986.0,2.0,31.0
Whitefield,3.0,1500.0,3.0,61.95
Bommanahalli,2.0,1350.0,2.0,72.0
Motappa Layout,2.0,1113.0,2.0,52.0
Whitefield,2.0,1300.0,2.0,78.0
Whitefield,4.0,2500.0,4.0,420.0
Thanisandra,3.0,1917.0,4.0,100.0
Old Madras Road,5.0,4500.0,7.0,337.0
Bisuvanahalli,3.0,1080.0,2.0,65.0
Sadashiva Nagar,5.0,9600.0,7.0,2736.0
Jigani,3.0,1221.0,3.0,52.0
Ejipura,3.0,2070.0,3.0,135.0
BHEL Layout,6.0,2400.0,4.0,170.0
Ramagondanahalli,5.0,9600.0,6.0,1800.0
Raghuvanahalli,1.0,425.0,1.0,750.0
Jalahalli East,2.0,1010.0,2.0,52.0
Vijaya Bank Layout,5.0,2400.0,5.0,400.0
Somasundara Palya,2.0,1448.0,2.0,68.0
Channasandra,3.0,1800.0,3.0,60.0
Hosa Road,2.0,1079.0,2.0,32.37
Kengeri,2.0,963.0,2.0,40.0
Whitefield,2.0,1187.0,2.0,38.0
Gollahalli,3.0,1325.0,2.0,47.0
Balagere,2.0,1380.0,2.0,60.0
Vishwanatha Nagenahalli,2.0,1050.0,2.0,50.0
Chikka Banaswadi,3.0,1555.0,3.0,73.0
Hosa Road,3.0,1332.0,2.0,86.12
Bisuvanahalli,3.0,1075.0,2.0,31.0
Karuna Nagar,3.0,2500.0,3.0,190.0
Indira Nagar,1.0,850.0,1.0,57.0
Ananth Nagar,2.0,1000.0,2.0,25.0
Singasandra,3.0,1440.0,2.0,65.0
Thanisandra,2.0,1098.0,2.0,68.0
Sarjapur  Road,4.0,3785.0,5.0,280.0
Harlur,2.0,1200.0,2.0,52.0
Whitefield,3.0,2280.0,4.0,125.0
Lakshminarayana Pura,2.0,1200.0,2.0,83.0
Sarjapur  Road,3.0,1350.0,3.0,39.97
Banashankari Stage V,3.0,1510.0,3.0,47.57
Gottigere,3.0,1400.0,2.0,50.0
GD Layout,2.0,1094.0,2.0,44.0
Padmanabhanagar,2.0,1100.0,2.0,65.0
Thanisandra,5.0,750.0,4.0,62.0
KR Puram,5.0,3300.0,3.0,255.0
Hormavu,1.0,715.0,1.0,46.0
Rajaji Nagar,6.0,1800.0,4.0,324.0
Gottigere,3.0,1385.0,2.0,50.0
Ramamurthy Nagar,2.0,1150.0,2.0,40.0
Horamavu Agara,3.0,1176.0,2.0,37.62
Kaverappa Layout,3.0,1540.0,3.0,85.0
D Group Employees Layout,4.0,1200.0,4.0,230.0
HAL 2nd Stage,3.0,2700.0,3.0,500.0
Kodigehaali,3.0,1320.0,3.0,65.0
EPIP Zone,4.0,3800.0,5.0,170.0
Marsur,3.0,1200.0,3.0,150.0
Kanakpura Road,2.0,1470.0,2.0,61.74
Hoodi,4.0,2065.5,4.0,91.915
Babusapalaya,2.0,1061.0,2.0,34.0
Vajarahalli,5.0,600.0,3.0,86.0
Marathahalli,3.0,1315.0,2.0,60.0
Udaya Nagar,2.0,1225.0,2.0,47.0
Chennammana Kere,3.0,1480.0,3.0,75.48
Thanisandra,1.0,777.0,1.0,38.535
Haralur Road,4.0,3400.0,5.0,240.0
Uttarahalli,2.0,1123.0,2.0,60.0
Whitefield,2.0,1295.0,2.0,78.5
D Group Employees Layout,5.0,4400.0,5.0,240.0
Neeladri Nagar,1.0,640.0,1.0,20.5
TC Palaya,5.0,1440.0,5.0,97.0
Uttarahalli,3.0,1788.0,3.0,98.34
Malleshwaram,4.0,6500.0,4.0,1400.0
Hormavu,2.0,1046.0,2.0,60.0
1st Phase JP Nagar,2.0,1394.0,2.0,100.0
Akshaya Nagar,3.0,1893.0,4.0,95.0
Seegehalli,2.0,1176.0,2.0,50.0
Kumaraswami Layout,7.0,3100.0,7.0,145.0
Thanisandra,3.0,1200.0,2.0,65.0
Seshadripuram,2.0,600.0,3.0,75.0
Kodigehalli,8.0,1150.0,9.0,170.0
Uttarahalli,3.0,1617.0,3.0,66.68
Bellandur,3.0,2400.0,3.0,115.0
Bellandur,3.0,1535.0,3.0,90.0
12th cross srinivas nagar banshankari 3rd stage,1.0,1800.0,1.0,200.0
Hormavu,2.0,1210.0,2.0,69.0
Rajaji Nagar,2.0,1200.0,1.0,200.0
Kalkere,2.0,925.0,2.0,70.0
Hebbal,3.0,1636.0,3.0,119.0
Dodda Banaswadi,3.0,1500.0,3.0,56.0
Hoodi,3.0,1660.0,3.0,131.0
Whitefield,2.0,1216.0,2.0,67.0
Kengeri Satellite Town,3.0,1415.0,2.0,66.0
Bommanahalli,2.0,1050.0,2.0,46.0
Thirumenahalli,2.0,1100.0,2.0,70.0
Whitefield,2.0,1216.0,2.0,66.48
Sarjapur,4.0,2585.5,4.0,139.5
Thigalarapalya,2.0,1418.0,2.0,104.0
Doddakallasandra,3.0,2493.0,3.0,115.0
Haralur Road,2.0,1300.0,2.0,75.0
Gollahalli,2.0,1060.0,2.0,53.0
Dasanapura,2.0,708.0,1.0,40.0
Sarjapur  Road,2.0,1320.0,2.0,110.0
Sarjapur  Road,3.0,1685.0,3.0,135.0
Manjunatha Layout,2.0,1200.0,2.0,125.0
Electronic City,2.0,1070.0,2.0,52.0
Rajaji Nagar,3.0,1640.0,3.0,262.0
Banashankari,3.0,600.0,3.0,100.0
Hosakerehalli,9.0,1380.0,9.0,150.0
Electronic City,2.0,1128.0,2.0,65.5
Hosur Road,5.0,3300.0,5.0,240.0
Electronic City,2.0,1150.0,2.0,38.08
Yarandahalli,3.0,1350.0,2.0,48.0
Harlur,2.0,936.0,2.0,45.0
Tumkur Road,3.0,1354.0,3.0,90.0
Uttarahalli,3.0,1540.0,3.0,50.0
Kamakshipalya,2.0,1150.0,2.0,75.0
Babusapalaya,2.0,1141.0,2.0,45.9
Kuvempu Layout,3.0,2200.0,4.0,160.0
Kanakpura Road,3.0,1452.0,3.0,54.2
HSR Layout,2.0,1140.0,2.0,46.0
Bellandur,2.0,1457.0,2.0,85.0
Xavier Layout,3.0,1524.0,4.0,400.0
9th Phase JP Nagar,2.0,1127.0,2.0,50.0
JCR Layout,2.0,1160.0,2.0,41.75
Begur Road,2.0,1160.0,2.0,42.0
Mahalakshmi Layout,4.0,1050.0,1.0,35.0
Yelahanka New Town,1.0,284.0,1.0,8.0
"JP nagar 9th Phase, ",3.0,1531.0,3.0,72.0
CV Raman Nagar,2.0,1025.0,2.0,50.0
Nagondanahalli,2.0,1095.0,2.0,45.0
Talaghattapura,2.0,1062.0,2.0,42.48
Whitefield,3.0,3150.0,3.0,290.0
Chennammana Kere,2.0,1100.0,2.0,56.1
Binny Pete,1.0,665.0,1.0,50.75
Raja Rajeshwari Nagar,2.0,1608.0,2.0,85.0
Kammagondahalli,2.0,1263.0,2.0,51.5
Battarahalli,2.0,1200.0,2.0,65.0
Jaraganahalli Jp Nagar Post,4.0,600.0,4.0,65.0
Vidyaranyapura,4.0,600.0,3.0,78.0
Malleshwaram,5.0,7500.0,7.0,1700.0
Whitefield,2.0,1276.0,2.0,69.5
Ananth Nagar,3.0,1319.0,3.0,42.0
KR Garden,3.0,1700.0,3.0,250.0
Chandapura,3.0,1190.0,2.0,30.35
GM Palaya,2.0,1030.0,2.0,60.0
Whitefield,2.0,1205.0,2.0,58.0
Hennur Road,2.0,1140.0,2.0,56.0
Sarjapur,3.0,1445.0,3.0,50.0
Thanisandra,1.0,693.0,1.0,34.3
Singapura Village,4.0,600.0,5.0,75.0
HSR Layout,2.0,1140.0,2.0,46.0
Jnanabharathi Layout,4.0,2400.0,3.0,142.0
Ulsoor,3.0,2700.0,3.0,450.0
Varsova Layout,3.0,1280.0,2.0,55.0
Haralur Road,3.0,1830.0,3.0,101.0
Nagashetty Halli,2.0,840.0,1.0,99.0
Hosa Road,3.0,1532.0,3.0,98.13
Kengeri Satellite Town,3.0,1191.0,2.0,33.34
Amruthahalli,3.0,1700.0,3.0,77.0
Bellandur,2.0,924.0,2.0,35.11
JP Nagar,3.0,1850.0,2.0,110.0
Panathur,2.0,1000.0,2.0,65.3
Electronic City,2.0,1128.0,2.0,64.0
Binny Pete,3.0,1282.0,3.0,178.0
BTM 2nd Stage,2.0,950.0,2.0,52.0
Hongasandra,2.0,1065.0,2.0,45.0
Malleshwaram,2.0,1124.0,3.0,80.0
Whitefield,2.0,1085.0,2.0,57.0
Hulimavu,3.0,1320.0,2.0,65.0
Electronic City,3.0,1530.0,2.0,45.9
Vasantha Vallabha Nagar,3.0,1280.0,2.0,100.0
Sri Sai Layout,2.0,1000.0,2.0,35.0
Sarjapur  Road,3.0,1877.0,4.0,150.0
Koramangala,2.0,1005.0,1.0,110.0
Varthur,2.0,1402.0,2.0,95.0
Yelahanka,3.0,2195.0,4.0,127.0
Vidyaranyapura,2.0,1200.0,2.0,42.0
Narayanappa Garden,2.0,1475.0,2.0,70.0
Old Airport Road,4.0,3200.0,4.0,700.0
frazertown,3.0,2900.0,3.0,325.0
Nobo Nagar,6.0,1500.0,7.0,220.0
Bharathnagar,2.0,1245.0,2.0,120.0
Thanisandra,2.0,1265.0,2.0,83.0
Sarjapur  Road,3.0,1750.0,3.0,99.0
Doddathoguru,2.0,1015.0,2.0,33.5
Kanakpura Road,1.0,525.0,1.0,30.0
Kammasandra,3.0,1365.0,2.0,34.13
Thanisandra,1.0,693.0,1.0,34.3
Hosakerehalli,3.0,2376.0,3.0,240.0
Abbaiah Reddy Layout,3.0,1310.0,2.0,50.0
M.G Road,2.0,1250.0,2.0,200.0
Babusapalaya,3.0,1358.0,2.0,43.4
Yeshwanthpur,3.0,1693.0,3.0,108.0
Somasundara Palya,3.0,1600.0,3.0,64.0
Bhoganhalli,3.0,1760.0,3.0,127.0
ITPL,4.0,5667.5,5.0,300.0
Kasavanhalli,3.0,1450.0,3.0,77.41
Yelahanka,4.0,3206.0,5.0,270.0
Kasavanhalli,2.0,1158.0,2.0,67.0
Hoysalanagar,2.0,1100.0,2.0,50.0
Electronic City,3.0,1360.0,2.0,75.0
Mallasandra,2.0,1200.0,2.0,130.0
Akshaya Nagar,4.0,1410.0,4.0,160.0
Rachenahalli,3.0,2710.0,3.0,170.0
Frazer Town,3.0,2214.0,3.0,350.0
BTM 4th Stage,2.0,1350.0,2.0,90.0
Nagarbhavi,4.0,600.0,5.0,95.0
Pulikeshi Nagar,3.0,2280.0,3.0,285.0
Magadi Road,2.0,750.0,2.0,27.0
Kogilu,1.0,700.0,1.0,30.84
Benson Town,3.0,3200.0,4.0,350.0
Hebbal,3.0,1255.0,2.0,95.0
Kadugondanahalli,6.0,727.0,6.0,66.0
Sarjapur  Road,4.0,3416.5,6.0,143.0
Lakshmipura,2.0,1225.0,2.0,65.0
Sindhi Colony,5.0,5665.84,7.0,988.0
Yemlur,8.0,12000.0,9.0,1900.0
Kathriguppe,3.0,1350.0,3.0,78.3
Doddathoguru,2.0,984.0,2.0,51.0
7th Phase JP Nagar,2.0,1175.0,2.0,82.0
1st Phase JP Nagar,3.0,2024.0,3.0,157.0
7th Phase JP Nagar,2.0,1000.0,2.0,38.0
9th Phase JP Nagar,2.0,1005.0,2.0,42.0
Bannerghatta Road,3.0,1660.0,3.0,85.0
Whitefield,2.0,1216.0,2.0,82.0
OMBR Layout,5.0,2400.0,5.0,275.0
Hebbal,2.0,1244.0,3.0,48.0
Marathahalli,2.0,1146.0,2.0,70.0
Talaghattapura,3.0,1868.0,3.0,135.0
Sector 2 HSR Layout,9.0,600.0,9.0,90.0
Choodasandra,2.0,1180.0,2.0,71.22
OMBR Layout,2.0,1085.0,2.0,64.0
Electronics City Phase 1,1.0,580.0,1.0,27.0
Yelahanka,3.0,1590.0,2.0,54.0
Raja Rajeshwari Nagar,3.0,1530.0,3.0,57.0
Chandapura,2.0,800.0,2.0,25.0
ITPL,4.0,3262.0,5.0,205.0
Sarjapur  Road,2.0,1194.0,2.0,57.0
Lingadheeranahalli,3.0,1683.0,3.0,109.0
Magadi Road,2.0,1000.0,2.0,46.5
Gottigere,1.0,1806.0,1.0,150.0
5th Phase JP Nagar,2.0,1075.0,2.0,60.0
Koramangala,4.0,2700.0,4.0,450.0
B Narayanapura,2.0,1313.0,2.0,58.27
Rajaji Nagar,7.0,12000.0,6.0,2200.0
Malleshpalya,3.0,1785.0,3.0,75.0
Subhash Nagar,4.0,1200.0,4.0,110.0
Kasturi Nagar,2.0,1000.0,2.0,58.0
Hennur,3.0,1150.0,3.0,80.0
Hennur Road,2.0,1297.0,2.0,49.9
Kengeri Satellite Town,4.0,936.0,2.0,60.84
Electronic City,2.0,1070.0,2.0,47.0
Begur Road,3.0,1410.0,2.0,52.17
Gulakamale,2.0,1200.0,2.0,50.0
"Hoodi Circle, ",2.0,1234.0,2.0,61.0
Rachenahalli,3.0,2721.0,3.0,113.0
Begur Road,3.0,680.0,4.0,68.0
Wilson Garden,1.0,735.0,1.0,75.0
Kodigehalli,3.0,1820.0,3.0,150.0
Bidadi,2.0,1600.0,2.0,110.0
5th Phase JP Nagar,2.0,1450.0,2.0,58.0
Ramamurthy Nagar,2.0,1150.0,2.0,51.0
Yelahanka,1.0,697.0,1.0,45.0
Yelahanka,2.0,1065.0,2.0,41.38
Channasandra,2.0,1030.0,2.0,34.5
Sidedahalli,9.0,1200.0,7.0,95.0
Electronics City Phase 1,2.0,940.0,2.0,44.0
Raja Rajeshwari Nagar,8.0,4800.0,8.0,225.0
Hoodi,3.0,1746.0,3.0,84.95
Banashankari,3.0,1900.0,2.0,170.0
Margondanahalli,2.0,1200.0,1.0,53.0
Yelahanka,1.0,26136.0,1.0,150.0
Chandapura,2.0,778.0,2.0,25.29
Old Madras Road,2.0,1211.0,2.0,45.0
Talaghattapura,2.0,1040.0,2.0,33.28
Sahakara Nagar,3.0,1370.0,2.0,90.0
Subramanyapura,3.0,1278.0,3.0,70.0
Marathahalli,2.0,1220.0,2.0,56.5
Thanisandra,3.0,1430.0,2.0,51.6
Cambridge  road,3.0,1000.0,2.0,110.0
Kattigenahalli,2.0,1200.0,1.0,70.0
Sarjapur  Road,3.0,2180.0,4.0,180.0
Hebbal Kempapura,3.0,1725.0,2.0,165.0
AMS Layout,3.0,1200.0,4.0,80.0
Sonnenahalli,1.0,605.0,1.0,40.0
Haralur Road,3.0,1464.0,3.0,56.0
Kadabagere,2.0,675.0,1.0,15.0
Hennur,4.0,3517.0,,161.5
Kaggadasapura,3.0,1280.0,2.0,56.0
Sarjapur,2.0,1175.0,2.0,42.0
frazertown,3.0,2000.0,3.0,210.0
1st Block Jayanagar,4.0,2850.0,4.0,428.0
Yelahanka,3.0,1614.0,3.0,93.0
Kundalahalli,3.0,1724.0,3.0,125.0
Doddakannelli,3.0,780.0,3.0,75.0
Bannerghatta Road,3.0,1460.0,2.0,80.0
Ramamurthy Nagar,2.0,935.0,2.0,39.0
Haralur Road,3.0,1817.0,3.0,110.0
Yelahanka,3.0,1517.0,3.0,76.3
Electronic City,4.0,2000.0,4.0,120.0
Hennur Road,3.0,1482.0,2.0,97.0
Munnekollal,2.0,1170.0,2.0,52.0
Sarjapur  Road,3.0,1157.0,2.0,69.0
JP Nagar,3.0,3496.5,,237.5
Hormavu,4.0,2282.0,4.0,115.0
Sarjapur  Road,4.0,4000.0,5.0,600.0
Yelahanka,1.0,602.0,1.0,26.0
Gottigere,1.0,812.0,1.0,26.0
Marathahalli,1.0,615.0,1.0,44.0
Chikkalasandra,3.0,1230.0,2.0,53.51
Ejipura,2.0,922.0,2.0,70.0
Chelekare,1.0,600.0,1.0,60.0
Chandapura,1.0,645.0,1.0,16.45
Somasundara Palya,3.0,1575.0,3.0,68.0
Somasundara Palya,2.0,1185.0,2.0,75.0
Bannerghatta Road,3.0,1625.0,2.0,75.0
Kaggadasapura,3.0,1500.0,2.0,75.0
Sathya Sai Layout,4.0,6688.0,6.0,700.0
Kanakpura Road,2.0,1220.0,2.0,60.0
Koramangala,4.0,2461.0,6.0,353.0
Hulimavu,2.0,1100.0,2.0,71.5
Horamavu Banaswadi,2.0,1025.0,2.0,45.0
Electronics City Phase 1,2.0,1085.0,2.0,46.0
Kaval Byrasandra,3.0,1400.0,3.0,75.0
Rajiv Gandhi Nagar,2.0,1219.0,2.0,40.0
Madiwala,4.0,910.0,4.0,140.0
Murugeshpalya,2.0,1296.0,2.0,81.0
KUDLU MAIN ROAD,3.0,1464.0,3.0,56.0
Panathur,2.0,1193.0,2.0,86.0
Old Town,8.0,750.0,8.0,200.0
VHBCS Layout,2.0,1353.0,2.0,110.0
Pattandur Agrahara,2.0,900.0,2.0,42.0
Rajaji Nagar,2.0,1763.0,3.0,240.0
9th Block Jayanagar,6.0,1200.0,5.0,280.0
Kasavanhalli,2.0,1495.0,2.0,83.0
Bisuvanahalli,2.0,845.0,2.0,29.0
Neeladri Nagar,1.0,674.0,1.0,21.0
Bhoganhalli,3.0,1760.0,3.0,128.0
Jakkur,2.0,1473.0,2.0,85.0
JP Nagar,2.0,1200.0,2.0,78.0
Chikkabanavar,4.0,2460.0,7.0,80.0
Green View Layout,2.0,1150.0,2.0,42.0
Sarjapur  Road,4.0,2750.0,5.0,240.0
Electronic City,3.0,1470.0,2.0,44.1
4th Block Koramangala,9.0,4500.0,9.0,500.0
BEL Layout,2.0,1375.0,2.0,105.0
Subramanyapura,2.0,1050.0,2.0,41.0
Yelahanka,2.0,1140.0,2.0,50.66
Nagarbhavi,3.0,1850.0,2.0,88.0
Malleshwaram,3.0,2345.0,,293.0
Old Airport Road,2.0,946.0,2.0,58.0
Vinayaka Nagar,2.0,1340.0,2.0,65.0
Jakkur,3.0,1819.18,3.0,160.0
Nehru Nagar,2.0,961.0,2.0,38.0
Bellandur,1.0,950.0,1.0,40.0
Narayanapura,3.0,2357.0,3.0,135.0
Weavers Colony,1.0,812.0,1.0,26.0
Somasundara Palya,3.0,2300.0,2.0,70.0
Nelamangala,2.0,820.0,2.0,30.0
7th Phase JP Nagar,3.0,1680.0,3.0,122.0
Bannerghatta Road,3.0,1465.0,2.0,76.0
Sanjay nagar,2.0,630.0,1.0,35.0
Whitefield,3.0,3480.0,4.0,284.0
Vittasandra,3.0,1650.0,3.0,85.0
Devara Jeevanahalli,4.0,400.0,2.0,35.0
Whitefield,4.0,4500.0,4.0,330.0
Lakkasandra,9.0,4500.0,9.0,166.0
Ambedkar Nagar,3.0,1935.0,4.0,130.0
Kanakpura Road,2.0,1296.0,2.0,89.0
Kasturi Nagar,4.0,784.0,2.0,165.0
Sarjapur,3.0,1200.0,3.0,78.0
Rachenahalli,2.0,1050.0,2.0,52.07
Raja Rajeshwari Nagar,3.0,1530.0,3.0,64.86
6th Phase JP Nagar,3.0,1515.0,2.0,135.0
Doddanakunte,5.0,2700.0,5.0,150.0
TC Palaya,3.0,1200.0,3.0,66.0
Jigani,3.0,1221.0,3.0,70.0
RMV 2nd Stage,2.0,1200.0,2.0,216.0
Sathya Sai Layout,4.0,6652.0,6.0,510.0
Harlur,3.0,3425.0,3.0,320.0
Electronic City,2.0,1165.0,2.0,33.64
Yeshwanthpur,2.0,1144.0,2.0,67.0
Sarjapur  Road,2.0,1280.0,2.0,76.0
Basaveshwara Nagar,2.0,1200.0,2.0,70.0
Cooke Town,3.0,2300.0,3.0,250.0
Singena Agrahara,3.0,1500.0,3.0,149.0
KEB Colony,2.0,1040.0,2.0,36.84
Uttarahalli,2.0,1134.0,2.0,45.36
Uttarahalli,2.0,1200.0,2.0,44.0
Kasthuri Nagar East Of NGEF,6.0,2400.0,7.0,460.0
Bannerghatta Road,4.0,3000.0,4.0,140.0
Kaikondrahalli,4.0,1700.0,4.0,108.0
Sarjapur  Road,3.0,1380.0,2.0,52.0
Belathur,2.0,1081.0,2.0,39.0
Bhagyalakshmi Avenue,2.0,955.0,1.0,34.01
Kasavanhalli,3.0,1476.0,3.0,105.0
Varthur Road,2.0,1140.0,2.0,49.11
Hormavu,2.0,1129.0,2.0,44.0
8th Phase JP Nagar,5.0,1730.0,5.0,75.0
Srinivasa Nagar,3.0,1200.0,2.0,75.6
Whitefield,2.0,1170.0,2.0,71.0
Bhoganhalli,2.0,1447.0,2.0,75.97
Hebbal,8.0,6000.0,8.0,220.0
Panathur,2.0,1210.0,2.0,85.0
Old Madras Road,4.0,2600.0,4.0,260.0
Balagere,1.0,645.0,1.0,55.0
Billekahalli,2.0,950.0,2.0,58.11
Williams Town,3.0,1500.0,2.0,98.0
Thigalarapalya,4.0,3122.0,6.0,235.0
Yelahanka,4.0,2675.0,4.0,140.0
Kaggadasapura,3.0,1250.0,2.0,47.0
Akshaya Nagar,3.0,1551.0,2.0,60.0
Kengeri,1.0,416.0,1.0,17.19
Hosahalli Extension,3.0,2000.0,3.0,120.0
Mallasandra,2.0,1340.0,2.0,61.0
Sarjapur  Road,2.0,1155.0,2.0,58.0
Kasavanhalli,2.0,1100.0,2.0,68.0
Silk Board,2.0,1020.0,2.0,48.0
Electronic City,4.0,1200.0,4.0,125.0
Kothanur,3.0,1454.0,3.0,71.5
Hebbal,3.0,3520.0,3.0,430.0
Indira Nagar,2.0,1260.0,2.0,100.0
Ganesha Block,3.0,1810.0,3.0,118.0
Yelahanka,3.0,1890.0,4.0,85.0
Subramanyapura,3.0,1800.0,3.0,80.0
Srinivasa Nagar,4.0,1500.0,4.0,180.0
JP Nagar,3.0,1850.0,3.0,150.0
Ulsoor,4.0,3500.0,4.0,138.0
8th Phase JP Nagar,2.0,1062.0,2.0,42.47
Seetharampalya,3.0,1360.0,2.0,73.0
Sarjapur  Road,3.0,1826.0,3.0,125.0
Sarjapur  Road,2.0,1150.0,2.0,36.8
BCC Layout,4.0,1500.0,5.0,230.0
Akshaya Vana,3.0,1260.0,2.0,49.0
Kengeri Satellite Town,2.0,1072.0,2.0,25.0
B Narayanapura,3.0,1405.0,2.0,70.0
Kodihalli,3.0,2500.0,4.0,260.0
Bisuvanahalli,3.0,1075.0,2.0,35.0
Sarjapur  Road,2.0,1112.0,2.0,58.0
Kanakpura Road,3.0,1530.0,,70.99
Bendiganahalli,3.0,1200.0,3.0,95.0
NGR Layout,2.0,1020.0,2.0,45.0
Marathahalli,4.0,2396.0,4.0,325.0
Jagajyothi layout,2.0,1250.0,2.0,58.0
Varthur Road,2.0,1277.0,2.0,59.0
Amblipura,4.0,2950.0,4.0,250.0
Rajiv Gandhi Nagar,2.0,1293.0,2.0,80.0
Kanakpura Road,2.0,1204.0,2.0,82.0
Hosur Road,3.0,1590.0,2.0,125.0
Hegde Nagar,3.0,2112.95,4.0,145.0
Indira Nagar,3.0,1700.0,3.0,150.0
Venugopal Reddy Layout,3.0,1545.0,3.0,85.0
Narayanappa Layout,5.0,950.0,5.0,90.0
NRI Layout,3.0,1731.0,3.0,64.11
Chandapura,3.0,1190.0,2.0,30.35
Haralur Road,3.0,1810.0,3.0,100.0
Kanakpura Road,3.0,1703.0,3.0,130.0
Jigani,2.0,937.0,2.0,44.0
BTM 2nd Stage,2.0,1000.0,2.0,58.0
Subramanyanagar,8.0,1320.0,6.0,200.0
Ramanjaneyanagar,2.0,1040.0,2.0,36.4
Sarjapur  Road,2.0,1311.0,2.0,78.0
Gollarapalya Hosahalli,2.0,861.0,2.0,34.5
Vidyaranyapura,2.0,1100.0,2.0,41.0
Harlur,3.0,1749.0,3.0,120.0
Sarjapura - Attibele Road,3.0,1676.0,3.0,52.0
Marathahalli,2.0,1050.0,2.0,65.0
Sarakki Nagar,3.0,2663.0,4.0,338.0
TC Palaya,2.0,1100.0,2.0,65.0
Hoodi,2.0,1026.0,2.0,60.87
BEML Layout,2.0,999.0,2.0,45.0
Jakkur,2.0,1050.0,2.0,49.87
Mysore Road,3.0,1410.0,2.0,64.0
Thanisandra,3.0,1241.0,2.0,61.0
KR Puram,3.0,1452.0,3.0,60.0
Whitefield,2.0,1315.0,2.0,69.5
Chandapura,2.0,800.0,1.0,20.0
Green Glen Layout,3.0,1715.0,3.0,112.0
Marathahalli,2.0,957.0,2.0,46.9
Ardendale,3.0,2500.0,3.0,250.0
Talaghattapura,2.0,1100.0,2.0,49.49
Sathya Sai Layout,4.0,6652.0,6.0,660.0
Raja Rajeshwari Nagar,2.0,1255.0,2.0,42.54
Bannerghatta Road,2.0,1200.0,2.0,75.0
B Channasandra,2.0,1300.0,2.0,79.0
Talaghattapura,3.0,1800.0,3.0,84.0
Gunjur,3.0,1600.0,3.0,75.0
Bisuvanahalli,3.0,1075.0,2.0,43.0
Jakkur,3.0,1950.0,3.0,131.0
Sarjapur  Road,3.0,1457.0,3.0,85.0
Yelachenahalli,3.0,1700.0,3.0,130.0
Whitefield,4.0,2403.0,4.0,270.0
Yeshwanthpur,2.0,1164.0,2.0,64.08
Bannerghatta Road,3.0,1476.0,3.0,125.0
BEML Layout,3.0,2000.0,3.0,85.0
Margondanahalli,4.0,1360.0,2.0,45.0
Yelahanka,2.0,1076.0,2.0,78.0
Electronic City Phase II,2.0,900.0,2.0,32.5
Brooke Bond First Cross,2.0,1252.0,2.0,55.0
2nd Stage Nagarbhavi,4.0,1200.0,4.0,225.0
Akshaya Nagar,3.0,1690.0,3.0,85.0
Kaverappa Layout,2.0,1265.0,2.0,70.0
Budigere,1.0,764.0,1.0,32.0
Bharathi Nagar,2.0,1349.0,2.0,56.7
Kyalasanahalli,3.0,1200.0,3.0,99.0
Sompura,3.0,1275.0,3.0,59.0
Pai Layout,6.0,3800.0,6.0,175.0
Kamakya Layout,4.0,2400.0,3.0,108.0
Bharathi Nagar,2.0,1432.0,2.0,68.0
Kaval Byrasandra,2.0,1060.0,2.0,42.0
Sarjapur,3.0,2690.0,3.0,295.0
Banashankari Stage V,2.0,920.0,2.0,41.5
T K Reddy Layout,3.0,1616.0,3.0,75.0
2nd Phase JP Nagar,2.0,1040.0,2.0,78.0
7th Phase JP Nagar,3.0,1850.0,3.0,150.0
Bellandur,2.0,1150.0,2.0,69.44
Yeshwanthpur,3.0,1383.0,2.0,76.18
Haralur Road,3.0,1810.0,3.0,112.0
Kumara Park,3.0,2000.0,3.0,207.0
Kanakapura,2.0,1160.0,2.0,46.39
Whitefield,3.0,1500.0,3.0,71.0
Muthurayya Swamy Layout,3.0,2405.0,4.0,260.0
Sarjapur  Road,2.0,984.0,2.0,45.91
Coconut Grove Layout,2.0,1156.0,2.0,46.0
Sarjapur  Road,2.0,1290.0,2.0,88.0
1 Immadihalli,11.0,6000.0,12.0,150.0
Bannerghatta Road,4.0,1380.0,3.0,58.0
Whitefield,4.0,4348.5,,304.0
7th Phase JP Nagar,3.0,1400.0,2.0,57.0
Electronics City Phase 1,1.0,360.0,1.0,16.9
Sathya Sai Layout,4.0,4104.0,4.0,360.0
Chandapura,1.0,645.0,1.0,16.45
Kaggadasapura,2.0,1118.0,2.0,30.0
Devanahalli,3.0,1282.0,2.0,52.43
Hennur Road,3.0,1976.0,3.0,65.21
Prithvi Layout,2.0,1352.0,2.0,85.0
Old Madras Road,3.0,2990.0,5.0,210.0
Thyagaraja Nagar,7.0,3000.0,6.0,180.0
Gollahalli,2.0,1170.0,2.0,45.51
8th Phase JP Nagar,2.0,909.0,2.0,40.9
Chinnapanahalli,2.0,1020.0,2.0,40.0
Kalyan nagar,2.0,1190.0,2.0,60.0
Jigani,2.0,939.0,2.0,39.0
Abbigere,2.0,995.0,2.0,40.8
Chikka Tirupathi,5.0,3356.0,5.0,105.0
Agrahara Dasarahalli,1.0,800.0,1.0,72.0
Kodichikkanahalli,2.0,900.0,2.0,35.0
Bethel Nagar,3.0,1092.0,3.0,95.0
Begur Road,3.0,1410.0,2.0,53.58
Suragajakkanahalli,3.0,1200.0,3.0,72.0
Rachenahalli,3.0,1756.0,3.0,110.0
Raja Rajeshwari Nagar,2.0,1267.0,2.0,42.85
Doddabanahalli,2.0,800.0,2.0,30.0
Byatarayanapura,1.0,1300.0,1.0,200.0
Gnana Bharathi,6.0,3600.0,6.0,170.0
Vignana Nagar,4.0,1050.0,4.0,90.0
Vijayanagar,3.0,1527.0,3.0,115.0
Kenchenhalli,4.0,1350.0,4.0,90.0
Rachenahalli,2.0,985.0,2.0,50.17
Kumara Park,2.0,1200.0,2.0,75.0
Padmanabhanagar,4.0,3000.0,4.0,350.0
Udayapur Village,3.0,1440.0,2.0,63.93
Magadi Road,2.0,1116.0,2.0,51.89
Vijayanagar,2.0,989.0,2.0,60.0
Kalena Agrahara,3.0,1837.0,2.0,95.0
Hegde Nagar,3.0,1835.0,3.0,89.0
B K Nagar,6.0,2400.0,5.0,300.0
Kanakpura Road,2.0,700.0,2.0,35.0
Daadys Gaarden Layout,3.0,1600.0,3.0,72.0
HMT Layout,3.0,1385.0,3.0,90.0
Kashi Nagar,4.0,1600.0,4.0,80.0
7th Phase JP Nagar,2.0,1370.0,2.0,56.17
Thanisandra,3.0,1996.0,4.0,123.0
Electronic City Phase II,3.0,1400.0,2.0,40.45
Kalyan nagar,2.0,820.0,2.0,39.0
1st Block HBR Layout,1.0,600.0,1.0,45.0
Gubbalala,5.0,2570.0,4.0,141.0
Kudlu,2.0,1076.0,2.0,50.0
Thanisandra,3.0,1965.0,4.0,125.0
Jalahalli East,3.0,1300.0,2.0,63.0
Thigalarapalya,4.0,3122.0,5.0,225.0
Kanakpura Road,3.0,1223.0,2.0,42.81
Hennur,2.0,1100.0,2.0,60.0
1st Block BEL Layout,4.0,1800.0,5.0,250.0
Hosakerehalli,4.0,3205.0,4.0,300.0
Kudlu,2.0,1027.0,2.0,44.0
Marathahalli,3.0,1305.0,2.0,69.0
Banashankari,3.0,1426.0,3.0,85.0
Yelahanka,3.0,2145.0,3.0,125.0
Channasandra,2.0,1115.0,2.0,40.0
Benson Town,2.0,1567.0,3.0,140.0
Judicial Layout,4.0,1500.0,3.0,162.0
Brookefield,2.0,1139.0,2.0,80.0
Kengeri,1.0,416.0,1.0,19.5
Chelekare,2.0,1250.0,2.0,62.4
Chandapura,3.0,1305.0,3.0,33.28
Ambedkar Nagar,3.0,2395.0,4.0,150.0
Yelahanka,3.0,1614.0,3.0,95.0
Begur Road,4.0,2462.0,4.0,124.0
Madavara,2.0,1000.0,2.0,35.0
Ramamurthy Nagar,2.0,700.0,2.0,33.0
CV Raman Nagar,3.0,1480.0,3.0,65.0
Akshaya Nagar,2.0,1100.0,2.0,48.0
Vidyaranyapura,2.0,1200.0,2.0,60.5
Doddagubbi,2.0,1250.0,2.0,39.0
Hulimavu,2.0,935.0,2.0,45.0
Sarjapur  Road,2.0,984.0,2.0,45.91
Thanisandra,3.0,1694.0,3.0,125.0
Sarjapur  Road,3.0,2100.0,3.0,130.0
Banashankari,2.0,1310.0,2.0,80.43
Hoodi,2.0,1425.0,2.0,80.0
Electronic City,2.0,770.0,1.0,36.0
Hormavu,2.0,980.0,2.0,42.0
Byrasandra,3.0,1390.0,2.0,50.0
Kaggadasapura,2.0,1000.0,2.0,43.0
Kasavanhalli,3.0,1260.0,2.0,40.32
Electronics City Phase 1,1.0,635.0,1.0,26.0
Bharathi Nagar,2.0,1300.0,2.0,55.86
Koramangala,2.0,1900.0,2.0,200.0
Kaggalipura,2.0,950.0,2.0,45.0
3rd Block HBR Layout,3.0,2000.0,3.0,100.0
Kadabagere,2.0,565.0,2.0,15.0
Old Madras Road,3.0,1425.0,2.0,94.0
Whitefield,2.0,1355.0,2.0,73.0
Abbigere,2.0,985.0,2.0,38.92
Ambedkar Colony,2.0,1468.0,3.0,130.0
EPIP Zone,2.0,1343.0,2.0,86.0
Jalahalli West,2.0,745.0,2.0,36.0
Sarjapur  Road,2.0,1130.0,2.0,55.0
7th Phase JP Nagar,3.0,1680.0,3.0,125.0
Bhoganhalli,4.0,2171.0,4.0,111.0
Varthur,2.0,1738.0,2.0,57.35
Binny Pete,3.0,1970.0,3.0,164.0
Electronics City Phase 1,2.0,995.0,2.0,42.0
Belathur,2.0,1050.0,2.0,38.0
Old Madras Road,4.0,3900.0,4.0,175.0
Nagasandra,4.0,1310.0,3.0,95.0
Rajaji Nagar,6.0,3000.0,6.0,250.0
8th Phase JP Nagar,1.0,500.0,1.0,31.0
Yelenahalli,2.0,1240.0,2.0,47.12
Volagerekallahalli,2.0,1095.0,2.0,39.0
Bannerghatta Road,3.0,1920.0,3.0,122.0
3rd Block Banashankari,4.0,1700.0,2.0,550.0
Hebbal,3.0,1430.0,3.0,85.0
Benson Town,3.0,2850.0,4.0,470.0
CV Raman Nagar,2.0,1020.0,2.0,55.0
Sector 7 HSR Layout,2.0,1163.0,2.0,98.86
Gokula Extension,3.0,1400.0,3.0,90.0
Kanakapura,3.0,1290.0,2.0,38.69
Thanisandra,2.0,1245.0,2.0,83.05
Kada Agrahara,2.0,935.0,2.0,35.0
Sarjapur  Road,4.0,5400.0,4.0,725.0
Singasandra,2.0,1416.0,2.0,67.0
Bannerghatta Road,3.0,1527.0,3.0,142.0
Koramangala,3.0,1900.0,3.0,150.0
Bellandur,3.0,1830.0,3.0,91.86
Whitefield,3.0,2134.0,4.0,118.0
Kasavanhalli,3.0,2111.0,4.0,120.0
Gunjur,3.0,2132.0,3.0,80.0
Marathahalli,3.0,1108.0,2.0,60.0
Hoodi,2.0,1108.0,2.0,74.23
Whitefield,2.0,1063.0,2.0,42.52
Channasandra,2.0,3040.0,2.0,48.0
TC Palaya,6.0,1000.0,6.0,69.0
Whitefield,2.0,1130.0,2.0,42.16
KR Puram,2.0,1200.0,2.0,72.0
Hosur Road,2.0,1656.0,2.0,120.0
Mysore Road,3.0,1568.0,2.0,100.0
Jakkur,2.0,1290.0,2.0,80.0
Uttarahalli,3.0,1385.0,2.0,48.48
9th Phase JP Nagar,7.0,1200.0,6.0,195.0
Nelamangala,4.0,2600.0,3.0,95.0
Hennur Road,2.0,1460.0,2.0,80.3
Whitefield,2.0,1280.0,2.0,69.0
Vittasandra,2.0,1404.0,2.0,75.0
Thanisandra,2.0,1220.0,2.0,42.0
Kasavanhalli,3.0,1915.0,3.0,80.0
HRBR Layout,3.0,1200.0,3.0,240.0
3rd Block Jayanagar,3.0,2150.0,3.0,240.0
Doddanakundi Industrial Area 2,2.0,1194.0,2.0,51.0
Gkvk Layout,3.0,1350.0,3.0,195.0
Somasundara Palya,3.0,1275.0,2.0,52.0
Electronic City,3.0,1563.0,3.0,91.84
EPIP Zone,3.0,2350.0,4.0,163.0
7th Phase JP Nagar,3.0,1650.0,3.0,110.0
Ramamurthy Nagar,3.0,1410.0,2.0,56.4
Kaggadasapura,3.0,1540.0,3.0,75.0
KR Puram,2.0,1100.0,2.0,39.9
Raja Rajeshwari Nagara,3.0,1537.0,3.0,81.0
Malleshpalya,2.0,1060.0,2.0,40.0
Pai Layout,2.0,1175.0,2.0,60.0
Hormavu,4.0,3500.0,4.0,289.0
Koramangala,2.0,1320.0,2.0,160.0
Ambedkar Nagar,3.0,1950.0,4.0,120.0
Hulimavu,2.0,850.0,1.0,39.5
Dollars Colony,4.0,4350.0,8.0,2600.0
Indira Nagar,3.0,1650.0,3.0,200.0
Kodichikkanahalli,5.0,2700.0,7.0,125.0
Dodsworth Layout,2.0,1340.0,2.0,71.0
Old Airport Road,4.0,2658.0,5.0,189.0
Marsur,3.0,1200.0,3.0,90.0
Garudachar Palya,2.0,1060.0,2.0,48.66
Babusapalaya,2.0,1061.0,2.0,38.95
Marathahalli,3.0,1710.0,3.0,135.0
Mylasandra,2.0,1110.0,2.0,41.0
Kannamangala,3.0,1574.0,3.0,93.34
manyata,2.0,1169.0,2.0,50.11
Sahakara Nagar,3.0,1200.0,2.0,75.0
Nagarbhavi,3.0,1200.0,3.0,225.0
Raja Rajeshwari Nagar,9.0,3125.0,9.0,350.0
Dasanapura,2.0,1163.0,2.0,65.0
HSR Layout,3.0,1600.0,2.0,115.0
Electronic City,2.0,1020.0,2.0,29.45
Whitefield,3.0,1200.0,3.0,67.77
Outer Ring Road East,3.0,3664.0,3.0,325.0
Hebbal,3.0,1900.0,3.0,119.0
Tumkur Road,3.0,1441.0,2.0,95.0
Hennur Road,2.0,987.0,2.0,49.0
Ardendale,4.0,3198.0,4.0,200.0
Mallasandra,3.0,1665.0,3.0,86.91
Sector 2 HSR Layout,2.0,1146.0,2.0,55.0
Basavangudi,2.0,1100.0,2.0,93.0
Old Madras Road,3.0,1350.0,3.0,47.25
Budigere,2.0,1153.0,2.0,56.7
Kanakpura Road,3.0,1592.0,3.0,125.0
Shirdi Sai Layout,4.0,1200.0,3.0,95.0
A Narayanapura,1.0,600.0,2.0,35.0
Yelahanka,2.0,1322.0,2.0,75.0
Whitefield,3.0,1485.0,3.0,65.0
Kaikondrahalli,2.0,1300.0,2.0,61.0
Whitefield,1.0,905.0,1.0,50.0
JP Nagar,3.0,3860.0,3.0,402.0
Basavangudi,6.0,1214.0,3.0,220.0
Electronic City,2.0,1070.0,2.0,60.0
"ECC Road, Whitefield, ",3.0,1575.0,3.0,93.0
Thippasandra,4.0,1200.0,4.0,200.0
Hennur,2.0,1225.0,2.0,57.0
Whitefield,2.0,1125.0,2.0,45.0
Yarandahalli,2.0,1015.0,2.0,40.1
5th Phase JP Nagar,2.0,1200.0,2.0,68.0
Silk Board,3.0,1250.0,3.0,54.0
Haralur Road,2.0,1000.0,2.0,78.0
Hebbal,3.0,1645.0,3.0,113.0
Ramagondanahalli,2.0,1151.0,2.0,48.77
Haralur Road,2.0,1240.0,2.0,70.0
Banashankari Stage II,2.0,1245.0,2.0,125.0
Kannamangala,2.0,957.0,2.0,56.0
Chandra Layout,3.0,700.0,3.0,195.0
Jalahalli,3.0,1870.0,3.0,110.0
Madiwala,1.0,400.0,1.0,75.0
Bhuvaneswari Nagar,4.0,2400.0,3.0,185.0
Basaveshwara Nagar,5.0,2520.0,4.0,378.0
Marathahalli,2.0,1125.0,2.0,56.8
Nagarbhavi,2.0,1145.0,2.0,40.0
Dasarahalli,3.0,1520.0,2.0,75.0
Outer Ring Road East,3.0,1500.0,2.0,97.0
Kaikondrahalli,3.0,1605.0,3.0,105.0
Naganathapura,2.0,2260.0,3.0,80.0
Singapura Village,2.0,970.0,2.0,45.0
Thanisandra,1.0,760.0,1.0,50.0
Hebbal,3.0,1255.0,3.0,77.68
Electronic City,2.0,919.0,2.0,34.0
Thanisandra,2.0,1185.0,2.0,42.0
Stage-4 Bommanahalli,3.0,2300.0,2.0,69.0
Devanahalli,3.0,1200.0,3.0,145.0
R.T. Nagar,6.0,1500.0,6.0,240.0
Haralur Road,2.0,1194.0,2.0,47.0
Hebbal,3.0,1355.0,3.0,83.87
Brooke Bond First Cross,3.0,1721.0,3.0,93.0
Devi Nagar,3.0,2000.0,3.0,105.0
Yeshwanthpur,1.0,400.0,1.0,55.0
Banashankari,3.0,1350.0,2.0,83.0
Whitefield,2.0,1140.0,2.0,50.0
Kambipura,2.0,883.0,2.0,39.0
Kamakshipalya,4.0,800.0,4.0,80.0
Horamavu Agara,3.0,1623.0,3.0,89.0
Marathahalli,2.0,1270.0,2.0,80.0
HBR Layout,3.0,1700.0,3.0,110.0
Ankappa Layout,3.0,1425.0,2.0,65.0
Ramamurthy Nagar,1.0,540.0,1.0,35.0
Basavanna Nagar,3.0,1645.0,3.0,95.0
Talaghattapura,2.0,951.0,2.0,30.43
Jigani,2.0,918.0,2.0,48.0
Whitefield,4.0,2990.0,3.0,198.0
Nandi Durga Road,2.0,2015.0,4.0,325.0
Babusapalaya,2.0,1245.0,2.0,58.0
Chikkabanavar,3.0,1320.0,2.0,46.0
Virupakshapura,2.0,1075.0,2.0,55.0
Marathahalli,4.0,4000.0,4.0,200.0
Sadaramangala,2.0,1260.0,2.0,62.0
Anekal,3.0,1150.0,3.0,45.0
HOSUR MAIN ROAD,3.0,1393.0,3.0,54.0
Old Madras Road,2.0,1165.0,2.0,52.0
Geddalahalli,2.0,850.0,2.0,32.5
Banashankari,3.0,2582.0,5.0,250.0
Dodda Nekkundi,3.0,2400.0,4.0,300.0
Venkatapura,3.0,2700.0,2.0,260.0
Sidedahalli,2.0,900.0,2.0,27.0
Sarjapur  Road,4.0,1240.0,4.0,110.0
Kengeri,3.0,1245.0,2.0,43.57
Whitefield,3.0,1896.0,3.0,75.0
Sarakki Nagar,3.0,2500.0,4.0,325.0
Richmond Town,3.0,2200.0,3.0,187.0
Hoodi,3.0,1660.0,3.0,125.0
JP Nagar,2.0,1157.0,2.0,73.0
Banashankari Stage III,4.0,2400.0,4.0,240.0
Sahakara Nagar,3.0,1655.0,3.0,115.0
2nd Block Koramangala,3.0,3000.0,3.0,550.0
Bellandur,2.0,1260.0,2.0,83.5
2nd Stage Nagarbhavi,5.0,1200.0,4.0,240.0
Mahadevpura,3.0,1400.0,2.0,65.8
Sarvobhogam Nagar,3.0,1490.0,3.0,140.0
Kathriguppe,3.0,1350.0,2.0,80.99
Hosa Road,2.0,880.0,2.0,50.0
Yelahanka,1.0,827.5,1.0,42.535
Horamavu Agara,2.0,1145.0,2.0,41.21
Dasarahalli,2.0,1375.0,2.0,60.0
OMBR Layout,3.0,1730.0,3.0,93.0
Whitefield,3.0,3758.0,3.0,300.0
Devanahalli,4.0,5000.0,4.0,465.0
Garudachar Palya,3.0,1610.0,2.0,119.0
Whitefield,2.0,1340.0,2.0,101.0
Electronics City Phase 1,3.0,1350.0,3.0,55.0
Abbigere,2.0,985.0,2.0,40.39
Whitefield,4.0,60.0,4.0,218.0
Tunganagara,1.0,600.0,1.0,18.0
Gottigere,3.0,1425.0,2.0,47.0
Old Madras Road,4.0,3630.0,6.0,195.0
Poorna Pragna Layout,3.0,1270.0,2.0,50.79
1st Phase JP Nagar,2.0,1394.0,2.0,85.0
Canara Bank Layout,4.0,1200.0,4.0,170.0
Mysore Road,3.0,1512.0,2.0,110.0
Jakkur,3.0,1660.0,3.0,104.0
Basaveshwara Nagar Yelahanka,3.0,3210.0,4.0,380.0
Horamavu Agara,2.0,1079.0,2.0,41.0
7th Phase JP Nagar,3.0,1680.0,2.0,92.0
KR Puram,2.0,1021.0,2.0,48.0
Hennur Road,3.0,1192.0,2.0,60.0
Kothannur,2.0,820.0,2.0,37.0
Ambalipura,1.0,770.0,1.0,43.82
Electronic City Phase II,2.0,1065.0,2.0,56.13
Whitefield,3.0,1405.0,3.0,58.0
ITI Layout,3.0,1533.0,3.0,115.0
Electronic City,3.0,1620.0,3.0,62.0
 ittamadu,3.0,600.0,2.0,110.0
Shivaji Nagar,7.0,1400.0,6.0,200.0
Uttarahalli,3.0,1200.0,3.0,50.0
Singasandra,3.0,1464.0,3.0,56.0
Akshaya Nagar,3.0,1700.0,3.0,80.0
7th Phase JP Nagar,1.0,500.0,1.0,70.0
Hoodi,2.0,1111.0,2.0,49.43
Kothannur,2.0,1197.0,2.0,47.88
Bommasandra,2.0,1060.0,2.0,26.5
Hoodi,2.0,1400.0,2.0,78.0
Kaggadasapura,2.0,775.0,2.0,29.5
Brookefield,2.0,1588.0,2.0,58.0
KR Puram,4.0,1200.0,4.0,120.0
Vidyaranyapura,4.0,2400.0,5.0,135.0
Vidyaranyapura,3.0,462.0,3.0,38.0
Harappanahalli,4.0,4560.0,5.0,430.0
Uttarahalli,5.0,400.0,5.0,200.0
TC Palaya,2.0,900.0,2.0,55.0
Domlur,2.0,1276.0,2.0,80.0
Sultan Palaya,6.0,1800.0,8.0,175.0
Kurubarahalli,1.0,1200.0,1.0,69.0
Kudlu,3.0,1293.0,2.0,80.0
Hebbal,2.0,1175.0,2.0,54.05
T c palya,3.0,1500.0,2.0,85.0
Tumkur Road,2.0,1098.0,2.0,72.0
Kasavanhalli,3.0,1545.0,3.0,69.0
Kadugodi,3.0,1890.0,4.0,127.0
Thanisandra,2.0,1140.0,2.0,59.0
Electronic City,3.0,1600.0,3.0,104.0
Sarjapur  Road,2.0,1262.0,2.0,67.0
Chandapura,4.0,4800.0,4.0,250.0
Sarjapur  Road,4.0,2425.0,5.0,201.0
Bannerghatta,3.0,1776.0,3.0,150.0
Sampangi Rama Nagar,8.0,600.0,4.0,175.0
Hebbal,2.0,1420.0,2.0,123.0
HAL 2nd Stage,2.0,1226.0,3.0,135.0
Mango Garden Layout,3.0,1824.0,3.0,125.0
Bannerghatta Road,3.0,1200.0,2.0,69.0
Kengeri,1.0,540.0,1.0,22.5
Marathahalli,2.0,1602.0,2.0,104.0
Thanisandra,2.0,1039.0,2.0,39.5
Haralur Road,4.0,2805.0,5.0,160.0
Nagasandra,7.0,1750.0,5.0,350.0
Uttarahalli,2.0,1137.0,2.0,63.0
Nanjappa Layout,2.0,1232.0,2.0,94.28
Subramanyapura,2.0,958.0,2.0,33.53
Begur Road,2.0,1170.0,2.0,46.0
Haralur Road,2.0,1194.0,2.0,47.0
Bannerghatta Road,2.0,1218.0,2.0,73.0
Kothanur,3.0,1847.0,3.0,110.0
Bannerghatta Road,2.0,1255.0,2.0,65.26
Kanakpura Road,2.0,1140.0,2.0,65.0
Bannerghatta Road,3.0,1450.0,3.0,44.0
Raja Rajeshwari Nagar,2.0,1419.0,2.0,48.1
Sector 6 HSR Layout,6.0,2400.0,5.0,750.0
Jakkur,3.0,1798.0,3.0,120.0
Banashankari Stage II,2.0,500.0,2.0,55.0
Electronics City Phase 1,3.0,1445.0,2.0,56.0
Vinayak Nagar,3.0,1758.0,3.0,95.0
R.T. Nagar,7.0,600.0,7.0,93.0
Hoodi,3.0,1715.0,2.0,95.0
Hebbal,4.0,2470.0,5.0,192.0
Yelahanka New Town,3.0,2437.0,3.0,125.0
Konanakunte,4.0,1200.0,2.0,130.0
Lakshminarayana Pura,2.0,1169.0,2.0,75.0
Chandapura,2.0,985.0,2.0,25.12
Nagashetty Halli,2.0,1350.0,2.0,65.0
RMV 2nd Stage,3.0,2550.0,4.0,290.0
Hanumantha Nagar,8.0,3300.0,8.0,310.0
Balagere,1.0,656.0,1.0,34.77
Panathur,2.0,1359.0,2.0,87.0
Yelahanka,2.0,1035.0,2.0,45.0
Jalahalli East,2.0,1020.0,2.0,42.48
Akshaya Nagar,3.0,1897.0,3.0,120.0
Kengeri Satellite Town,2.0,1050.0,2.0,43.0
Hebbal,2.0,1162.0,2.0,69.0
Sarjapur  Road,3.0,1173.0,2.0,45.75
Silk Board,3.0,1435.0,2.0,60.0
Kadugodi,9.0,6200.0,9.0,200.0
K G Colony,3.0,1600.0,2.0,50.0
Old Madras Road,3.0,1480.0,3.0,95.0
Whitefield,4.0,3940.0,5.0,265.0
Poornapragna Housing Society Layout,3.0,1270.0,2.0,57.15
7th Phase JP Nagar,2.0,1270.0,2.0,93.0
Electronic City,1.0,435.0,1.0,22.0
NRI Layout,2.0,2400.0,2.0,125.0
Kanakpura Road,2.0,1339.0,2.0,62.0
Pattanagere,2.0,850.0,2.0,35.0
1st Block Koramangala,3.0,1800.0,3.0,53.0
Sector 7 HSR Layout,3.0,1760.0,3.0,145.0
Harlur,3.0,1414.0,3.0,77.5
Suddaguntepalya,3.0,1425.0,3.0,55.0
Jakkur,4.0,3181.0,,260.5
Shankarapuram,2.0,900.0,1.0,130.0
Kundalahalli,2.0,1291.0,2.0,49.0
Hosakerehalli Layout,7.0,2500.0,6.0,115.0
Hebbal,2.0,1053.0,2.0,48.0
Whitefield,3.0,1495.0,,60.55
Whitefield,2.0,1215.0,2.0,65.0
 Devarabeesana Halli,2.0,1296.0,2.0,70.0
Cottonpet,4.0,1750.0,2.0,225.0
Sarjapur  Road,4.0,2990.0,4.0,240.0
Hoodi,3.0,1660.0,3.0,128.0
Chikkalasandra,3.0,1290.0,2.0,56.12
K R C kothanur,2.0,1140.0,2.0,45.0
Kodihalli,3.0,2392.0,4.0,260.0
Thyagaraja Nagar,5.0,570.0,5.0,80.0
Kammanahalli,2.0,1160.0,2.0,52.0
Thanisandra,3.0,2002.0,3.0,112.0
Kasavanhalli,2.0,1121.0,2.0,75.0
Anandapura,4.0,1749.0,4.0,90.0
KR Puram,2.0,1290.0,2.0,69.0
JP Nagar,2.0,1300.0,2.0,109.0
Sompura,2.0,1090.0,2.0,28.0
Udayapur Village,3.0,1440.0,2.0,60.33
Somasundara Palya,2.0,1329.0,2.0,70.0
Sector 2 HSR Layout,2.0,1296.0,2.0,75.0
5th Block Jayanagar,4.0,10624.0,4.0,2340.0
5th Phase JP Nagar,5.0,2500.0,5.0,110.0
Kengeri,2.0,726.0,2.0,35.0
Doctors Layout,2.0,1125.0,2.0,55.0
Kengeri Hobli,3.0,600.0,2.0,30.0
Frazer Town,3.0,1750.0,3.0,150.0
Rachenahalli,3.0,1530.0,2.0,74.4
Ananth Nagar,2.0,870.0,2.0,36.0
Hennur Road,3.0,1290.0,2.0,94.5
Electronic City Phase II,2.0,1219.0,2.0,61.25
Banjara Layout,3.0,1294.0,2.0,48.0
Bannerghatta Road,3.0,1550.0,3.0,96.0
Kanakpura Road,3.0,1592.0,3.0,125.0
Hosa Road,2.0,1161.0,2.0,55.15
Gopalkrishna Nagar,2.0,1165.0,2.0,75.0
Varthur,2.0,1280.0,2.0,65.0
Hebbal,2.0,1320.0,2.0,92.0
Yelahanka,3.0,1355.0,2.0,75.0
Basavangudi,3.0,1350.0,2.0,130.0
Budigere,3.0,1820.0,3.0,99.0
Munnekollal,2.0,1210.0,2.0,75.0
Lingadheeranahalli,3.0,1893.0,3.0,130.0
HAL 2nd Stage,3.0,2100.0,3.0,252.0
5th Phase JP Nagar,5.0,4000.0,5.0,170.0
Yelahanka,2.0,1519.0,2.0,65.0
BHEL Layout,4.0,1200.0,3.0,165.0
Shampura,7.0,2800.0,5.0,95.0
Vishwapriya Layout,7.0,950.0,7.0,115.0
Kothanur,2.0,1140.0,2.0,56.0
Alfa Garden Layout,2.0,975.0,2.0,43.0
Kundalahalli,4.0,2500.0,5.0,245.0
Mysore Road,2.0,1175.0,2.0,86.68
Padmanabhanagar,3.0,1400.0,3.0,65.0
Kanakpura Road,3.0,1100.0,2.0,58.0
Hennur Road,3.0,1936.0,3.0,118.0
Bommenahalli,4.0,2940.0,3.0,2250.0
Doddanakundi Industrial Area 2,2.0,1092.0,2.0,49.0
9th Phase JP Nagar,2.0,1050.0,2.0,35.0
BTM Layout,2.0,1150.0,2.0,63.0
Bisuvanahalli,3.0,1180.0,3.0,48.0
Banashankari 6th Stage,2.0,1330.0,2.0,80.0
Kudlu Gate,3.0,1707.0,,99.745
Ambedkar Nagar,3.0,1935.0,4.0,125.0
Electronics City Phase 1,3.0,1522.5,,60.75
Kammanahalli,4.0,900.0,4.0,150.0
Sarjapur,1.0,650.0,1.0,19.87
Whitefield,1.0,665.0,,28.585
Housing Board Layout Vijay Nagar,8.0,1200.0,8.0,220.0
Sonnenahalli,1.0,605.0,1.0,30.24
Sarjapur  Road,3.0,1691.0,3.0,113.0
JP Nagar,3.0,20000.0,3.0,175.0
Whitefield,4.0,4800.0,4.0,550.0
Bannerghatta Road,2.0,1215.0,2.0,68.0
Gollarapalya Hosahalli,4.0,1905.0,3.0,86.0
Mahalakshmi Layout,4.0,1575.0,5.0,158.0
Murugeshpalya,3.0,1344.0,2.0,56.0
KR Puram,3.0,1700.0,3.0,105.0
Srinagar,4.0,2000.0,3.0,166.0
Electronic City Phase II,2.0,1200.0,2.0,34.65
Talaghattapura,3.0,1257.0,2.0,40.22
Raja Rajeshwari Nagar,2.0,1140.0,2.0,38.65
Sanjay nagar,3.0,1200.0,2.0,76.0
Vidyaranyapura,3.0,1100.0,2.0,72.0
Billekahalli,2.0,1140.0,2.0,50.0
Giri Nagar,6.0,1200.0,3.0,175.0
Hennur Bande,5.0,1200.0,4.0,150.0
5th Phase JP Nagar,2.0,1440.0,2.0,60.0
Varthur,2.0,1083.0,2.0,28.0
7th Phase JP Nagar,3.0,2100.0,3.0,200.0
Ardendale,3.0,1777.26,3.0,89.0
Thanisandra,2.0,1093.0,2.0,72.0
Rachenahalli,3.0,1550.0,3.0,72.5
Bisuvanahalli,3.0,1075.0,2.0,50.0
Kengeri,5.0,8000.0,5.0,500.0
Kalena Agrahara,2.0,1200.0,3.0,70.0
Kanakapura,1.0,551.0,1.0,30.0
Hulimavu,2.0,1255.0,2.0,66.0
Bellandur,3.0,2666.0,3.0,230.0
Sarjapur  Road,3.0,1510.0,2.0,110.0
Devanahalli,3.0,1466.0,3.0,77.59
BTM Layout,3.0,1450.0,2.0,81.0
Whitefield,3.0,1386.0,3.0,57.46
Marathahalli,2.0,1100.0,2.0,50.0
Indira Nagar,2.0,1149.0,2.0,130.0
Whitefield,2.0,1190.0,2.0,70.0
Krishna Reddy Layout,3.0,1250.0,3.0,55.0
Chandapura,2.0,1200.0,2.0,32.0
Bellandur,2.0,1000.0,2.0,50.0
Jakkur,2.0,1260.0,2.0,71.195
Hosa Road,2.0,1161.0,2.0,55.15
Frazer Town,3.0,2350.0,4.0,285.0
Electronics City Phase 1,2.0,1205.0,2.0,60.0
Hoysalanagar,3.0,1320.0,2.0,60.0
Vaishnavi Layout,4.0,4830.0,5.0,390.0
Kaggadasapura,2.0,1200.0,2.0,40.0
Electronic City Phase II,2.0,1244.0,2.0,55.0
Hennur,2.0,1255.0,2.0,54.5
KR Puram,7.0,1200.0,8.0,110.0
Hebbal,3.0,1255.0,2.0,95.0
Electronic City,3.0,1105.0,2.0,35.0
5th Phase JP Nagar,2.0,1256.0,2.0,62.8
5th Phase JP Nagar,3.0,1725.0,2.0,100.0
Begur Road,2.0,1200.0,2.0,46.8
Ambedkar Nagar,2.0,1424.0,2.0,90.0
Indira Nagar,4.0,2200.0,4.0,200.0
Shivaji Nagar,2.0,703.0,2.0,49.5
Electronic City,2.0,1073.0,2.0,60.0
Kanakpura Road,3.0,1603.0,3.0,113.0
Kaggadasapura,2.0,1180.0,2.0,65.0
Gunjur,2.0,1235.0,2.0,44.5
Nanjappa Layout,3.0,1800.0,3.0,85.0
Dodsworth Layout,6.0,30400.0,4.0,1824.0
Varthur,3.0,1360.0,2.0,85.0
Kadugodi,5.0,1100.0,5.0,135.0
Ramagondanahalli,2.0,1215.0,2.0,51.26
Kanakpura Road,3.0,1596.0,3.0,118.0
8th Block Jayanagar,6.0,2000.0,6.0,300.0
Panathur,2.0,1180.0,2.0,70.0
Channasandra Layout,3.0,1563.0,2.0,52.0
Kathriguppe,2.0,1250.0,2.0,68.75
1st Block Jayanagar,3.0,1760.0,3.0,115.0
Mysore Road,2.0,1200.0,2.0,85.0
Marathahalli,2.0,1350.0,2.0,99.0
BTM 1st Stage,7.0,600.0,7.0,110.0
Raja Rajeshwari Nagar,2.0,1185.0,2.0,51.15
Green Glen Layout,3.0,1970.0,3.0,160.0
Akshaya Nagar,3.0,1419.0,2.0,87.0
Padmanabhanagar,2.0,1150.0,2.0,45.0
Uttarahalli,3.0,1330.0,2.0,57.0
Panathur,2.0,1050.0,2.0,60.0
HSR Layout,3.0,1475.0,3.0,75.0
Balagere,2.0,1012.0,2.0,70.0
5th Phase JP Nagar,2.0,1190.0,2.0,61.8
Whitefield,1.0,905.0,1.0,60.0
Sultan Palaya,4.0,2200.0,3.0,80.0
Marathahalli,3.0,1690.0,3.0,116.0
Harlur,2.0,1197.0,2.0,79.9
Bommasandra,3.0,1260.0,3.0,49.36
Kanakpura Road,3.0,1570.0,3.0,64.5
Sarjapur  Road,4.0,4395.0,4.0,242.0
Sarjapur  Road,2.0,1210.0,2.0,58.0
Somasundara Palya,3.0,1600.0,3.0,69.0
JP Nagar,2.0,1048.0,2.0,44.0
Kanakpura Road,2.0,700.0,1.0,41.0
Indira Nagar,3.0,2700.0,3.0,324.0
Vishveshwarya Layout,7.0,4000.0,7.0,225.0
Kengeri Satellite Town,2.0,1007.0,2.0,42.0
Sonnenahalli,3.0,1610.0,3.0,80.48
Kundalahalli,3.0,1397.0,3.0,108.0
7th Phase JP Nagar,2.0,1050.0,2.0,77.47
Choodasandra,3.0,1560.0,3.0,78.0
NGR Layout,2.0,1020.0,2.0,46.0
Whitefield,2.0,1197.0,2.0,50.0
Hennur Road,3.0,2320.0,3.0,170.0
Uttarahalli,2.0,1380.0,2.0,42.0
Nagarbhavi,4.0,1200.0,4.0,240.0
MLA Layout,2.0,1050.0,2.0,36.0
Nehru Nagar,2.0,1100.0,2.0,50.0
6th Phase JP Nagar,1.0,750.0,1.0,105.0
Kammanahalli,4.0,1080.0,3.0,155.0
HMT Layout,2.0,1105.0,2.0,58.0
Cholanayakanahalli,5.0,3000.0,6.0,1000.0
Ambedkar Nagar,5.0,5530.0,5.0,627.0
Chikka Tirupathi,3.0,2325.0,3.0,95.0
Makali,1.0,530.0,1.0,18.0
Belathur,2.0,460.0,1.0,15.0
Mico Layout,3.0,1550.0,2.0,65.0
BTM Layout,2.0,1196.0,2.0,56.81
Devanahalli Int. Airport,4.0,4800.0,5.0,350.0
Hennur Road,2.0,1317.5,2.0,63.77
Attibele,1.0,418.0,2.0,11.5
Lingadheeranahalli,3.0,1687.0,3.0,127.0
Vittasandra,2.0,1404.0,2.0,75.0
Tirumanahalli,2.0,1255.0,2.0,56.7
Hosakerehalli,2.0,1304.0,2.0,100.0
Bannerghatta Road,1.0,700.0,1.0,31.2
Hosa Road,2.0,1045.0,2.0,98.89
HSR Layout,2.0,1372.0,2.0,61.0
Kathriguppe,3.0,1390.0,2.0,69.49
Anandapura,2.0,616.0,3.0,45.0
2nd Stage Nagarbhavi,5.0,1200.0,4.0,285.0
Sadashiva Nagar,3.0,3761.0,3.0,660.0
Hebbal,3.0,1328.0,2.0,60.0
Balagere,2.0,1007.0,2.0,68.0
Uttarahalli,3.0,1329.0,2.0,56.0
Harlur,2.0,1303.0,2.0,90.0
Rachenahalli,2.0,1050.0,2.0,55.5
Sarjapur,3.0,1600.0,3.0,75.0
Whitefield,3.0,1755.0,3.0,101.0
"JP Nagar 8th Phase, ",4.0,5000.0,5.0,250.0
Kaggalipura,2.0,1000.0,2.0,60.0
Koramangala,2.0,1320.0,2.0,160.0
Sarjapur  Road,3.0,2720.0,5.0,210.0
Naganathapura,8.0,1200.0,7.0,100.0
Mallathahalli,3.0,1225.0,3.0,60.0
Kalyan nagar,2.0,1250.0,2.0,65.0
Subramanyapura,2.0,1260.0,2.0,108.0
tc.palya,2.0,1020.0,2.0,62.0
Doddabommasandra,8.0,3150.0,5.0,145.0
Kanakpura Road,3.0,1450.0,3.0,60.91
Begur Road,3.0,1615.0,3.0,58.0
Electronic City,2.0,660.0,1.0,15.5
Vidya Nagar,2.0,3760.0,2.0,280.0
Kaval Byrasandra,2.0,1200.0,2.0,49.5
Frazer Town,3.0,1510.0,2.0,75.0
Bannerghatta Road,3.0,1465.0,2.0,45.87
Dodda Nekkundi,3.0,1435.0,3.0,57.2
 Electronic City,1.0,435.0,1.0,19.5
Pai Layout,2.0,1000.0,2.0,34.0
Whitefield,2.0,1215.0,2.0,40.0
Ashok Nagar,2.0,703.0,2.0,60.0
Yelahanka,5.0,2500.0,3.0,120.0
Chikkabanavar,3.0,1600.0,2.0,80.0
Whitefield,3.0,1200.0,3.0,61.96
Subramanyapura,2.0,1000.0,2.0,45.0
Nagarbhavi,4.0,600.0,4.0,78.0
Rajaji Nagar,3.0,1640.0,3.0,220.0
Banjara Layout,2.0,1050.0,2.0,64.8
Dr Shivarama Karantha Nagar,2.0,1200.0,2.0,54.0
Old Madras Road,4.0,4000.0,4.0,225.0
Bileshivale,6.0,2400.0,7.0,110.0
Bank Of Baroda Colony,2.0,1080.0,2.0,39.0
Banashankari Stage III,4.0,2100.0,3.0,147.0
Whitefield,3.0,1496.0,2.0,718.0
Pai Layout,2.0,1006.0,2.0,35.0
J C Nagar,3.0,1525.0,3.0,65.0
Chandapura,3.0,1110.0,2.0,29.97
Whitefield,3.0,2500.0,3.0,280.0
Budigere,3.0,1820.0,3.0,95.0
Suddaguntepalya,2.0,830.0,2.0,34.0
Chamrajpet,3.0,1650.0,3.0,115.0
Hebbal,3.0,1255.0,2.0,90.0
Subramanyapura,3.0,1223.0,2.0,42.81
Harlur,3.0,1755.0,3.0,117.0
Munivenkatppa Layout,4.0,4500.0,3.0,225.0
Electronics City Phase 1,2.0,865.0,2.0,40.0
Green Woods Layout,2.0,1206.0,2.0,53.0
Old Madras Road,2.0,935.0,2.0,37.77
Uday Nagar,3.0,1650.0,3.0,110.0
Gubbalala,3.0,1745.0,3.0,140.0
Electronics City Phase 1,1.0,785.0,1.0,55.0
Sarjapur  Road,3.0,3004.0,4.0,158.0
Giri Nagar,7.0,4500.0,5.0,250.0
Chikkalasandra,3.0,1365.0,2.0,49.0
Hosa Road,2.0,1143.0,2.0,34.2
Horamavu Banaswadi,2.0,1272.0,2.0,51.5
HOSUR MAIN ROAD,3.0,1464.0,3.0,56.0
Electronic City,3.0,1631.0,3.0,80.0
Hennur,2.0,1285.0,2.0,60.0
Kanakapur main road,2.0,1025.0,2.0,43.04
Hebbal,2.0,1349.0,2.0,97.8
Electronic City,2.0,880.0,2.0,19.0
Jakkur,3.0,1710.0,3.0,110.0
Thanisandra,2.0,1260.0,2.0,45.5
Hennur Road,4.0,2502.0,4.0,180.0
Electronics City Phase 1,3.0,1450.0,2.0,63.51
Basavangudi,2.0,1230.0,2.0,80.0
Choodasandra,2.0,1115.0,2.0,50.0
Old Madras Road,3.0,2640.0,5.0,142.0
8th Phase JP Nagar,3.0,1431.5,3.0,72.02
Yelahanka,3.0,1823.0,3.0,103.0
Koramangala,3.0,1700.0,3.0,250.0
Singasandra,4.0,3366.0,4.0,120.0
Rachenahalli,2.0,1200.0,2.0,50.0
Dodda Nekkundi,2.0,1155.0,2.0,46.0
9th Phase JP Nagar,3.0,1300.0,2.0,58.0
Judicial Layout,2.0,900.0,2.0,40.0
Chikkalasandra,2.0,1100.0,2.0,50.0
